Music,Artist,Text
Seeunãoteamassetantoassim,IveteSangalo,"['coração', 'direção', 'voando', 'voar', 'saber', 'onde', 'chegar', 'sonhando', 'encontrar', 'estrelas', 'hoje', 'descobri', 'olhar', 'estrelas', 'vão', 'guiar', 'amasse', 'tanto', 'assim', 'talvez', 'perdesse', 'sonhos', 'dentro', 'mim', 'vivesse', 'escuridão', 'amasse', 'tanto', 'assim', 'talvez', 'visse', 'flores', 'onde', 'vi', 'dentro', 'coração', 'hoje', 'sei', 'amei', 'vento', 'temporal', 'além', 'tempo', 'vendaval', 'desejos', 'beijo', 'jamais', 'provei', 'igual', 'estrelas', 'dão', 'sinal', 'amasse', 'tanto', 'assim', 'talvez', 'perdesse', 'sonhos', 'dentro', 'mim', 'vivesse', 'escuridão', 'amasse', 'tanto', 'assim', 'talvez', 'visse', 'flores', 'onde', 'vi', 'dentro', 'coração']"
QuemDeNósDois,AnaCarolina,"['assim', 'tão', 'complicado', 'difícil', 'perceber', 'doi', 'vai', 'dizer', 'impossível', 'amor', 'acontecer', 'disser', 'sinto', 'nada', 'estrada', 'segura', 'sei', 'vai', 'rir', 'cara', 'conheço', 'sorriso', 'leio', 'olhar', 'sorriso', 'disfarce', 'preciso', 'sinto', 'dizer', 'amo', 'tá', 'ruim', 'pra', 'disfarçar', 'doi', 'cabe', 'nenhum', 'segredo', 'além', 'combinamos', 'vão', 'coisas', 'gente', 'disse', 'cabe', 'sermos', 'somente', 'amigo', 'falo', 'quero', 'frase', 'fica', 'avesso', 'meio', 'contra', 'mão', 'finjo', 'esqueço', 'esqueci', 'nada', 'cada', 'vez', 'fujo', 'aproximo', 'perder', 'vista', 'assim', 'ruim', 'demais', 'atravesso', 'futuro', 'faço', 'lembranças', 'lugar', 'seguro', 'queira', 'reviver', 'nenhum', 'passado', 'revirar', 'sentimento', 'revirado', 'toda', 'vez', 'procuro', 'saída', 'acabo', 'entrando', 'querer', 'vida', 'procurei', 'qualquer', 'desculpa', 'pra', 'encarar', 'pra', 'dizer', 'novo', 'sempre', 'mesma', 'coisa', 'falar', 'falar', 'tô', 'aí', 'pra', 'conversa', 'história', 'doi', 'interessa', 'tento', 'esconder', 'meias', 'verdades', 'conhece', 'sorriso', 'lê', 'olhar', 'sorriso', 'disfarce', 'preciso', 'cada', 'vez', 'fujo', 'aproximo', 'perder', 'vista', 'assim', 'ruim', 'demais', 'atravesso', 'futuro', 'faço', 'lembranças', 'lugar', 'seguro', 'queira', 'reviver', 'nenhum', 'passado', 'revirar', 'sentimento', 'revirado', 'toda', 'vez', 'procuro', 'saída', 'acabo', 'entrando', 'querer', 'vida']"
Tribalistas,VelhaInfância,"['assim', 'sonho', 'pra', 'mim', 'vejo', 'penso', 'desde', 'amanhecer', 'deito', 'gosto', 'gosto', 'ficar', 'riso', 'tão', 'feliz', 'contigo', 'melhor', 'amigo', 'amor', 'gente', 'canta', 'gente', 'dança', 'gente', 'cansa', 'ser', 'criança', 'gente', 'brinca', 'velha', 'infância', 'gosto', 'gosto', 'ficar', 'riso', 'tão', 'feliz', 'contigo', 'melhor', 'amigo', 'amor', 'gente', 'canta', 'gente', 'dança', 'gente', 'cansa', 'ser', 'criança', 'gente', 'brinca', 'velha', 'infância', 'olhos', 'clarão', 'guiam', 'dentro', 'escuridão', 'pés', 'abrem', 'caminho', 'sigo', 'nunca', 'sinto', 'assim', 'sonho', 'pra', 'mim', 'assim', 'assim', 'sonho', 'pra', 'mim', 'assim', 'assim', 'sonho', 'pra', 'mim', 'assim', 'assim', 'sonho', 'pra', 'mim', 'assim', 'assim', 'sonho', 'pra', 'mim', 'assim']"
FuiEu,ZezéDiCamargoeLuciano,"['dia', 'noite', 'espero', 'alguém', 'mundo', 'quis', 'dei', 'sonhos', 'sonhei', 'imaginei', 'pra', 'vida', 'inteira', 'alguém', 'fez', 'tudo', 'diz', 'agora', 'faço', 'pra', 'viver', 'cada', 'dia', 'difícil', 'esquecer', 'tudo', 'faz', 'doer', 'demais', 'queria', 'voltar', 'atrás', 'ficar', 'contigo', 'diz', 'agora', 'faço', 'pra', 'aceitar', 'existe', 'outra', 'pessoa', 'lugar', 'tempo', 'vai', 'convencer', 'dia', 'vai', 'reconhecer', 'mim', 'pode', 'viver', 'yeh', 'yeh', 'yeah', 'yeah', 'sentimento', 'dói', 'dentro', 'solidão', 'quer', 'parar', 'machucar', 'sentimento', 'dói', 'dentro', 'coração', 'quer', 'ninguém', 'lugar', 'dei', 'sonhos', 'sonhei', 'imaginei', 'pra', 'vida', 'inteira', 'alguém', 'fez', 'tudo', 'diz', 'agora', 'faço', 'pra', 'viver', 'cada', 'dia', 'difícil', 'esquecer', 'tudo', 'faz', 'doer', 'demais', 'queria', 'voltar', 'atrás', 'ficar', 'contigo', 'diz', 'agora', 'faço', 'pra', 'aceitar', 'existe', 'outra', 'pessoa', 'lugar', 'tempo', 'vai', 'convencer', 'dia', 'vai', 'reconhecer', 'mim', 'pode', 'viver', 'sentimento', 'dói', 'dentro', 'solidão', 'quer', 'parar', 'machucar', 'sentimento', 'dói', 'dentro', 'coração', 'quer', 'ninguém', 'lugar', 'sentimento', 'dói', 'dentro', 'dói', 'dentro', 'solidão', 'quer', 'parar', 'machucar', 'sentimento', 'dói', 'dentro', 'coração', 'quer', 'ninguém', 'lugar', 'sentimento', 'sentimento', 'dói', 'dentro', 'dói', 'dentro', 'solidão', 'quer', 'parar', 'machucar', 'quer', 'parar', 'machucar', 'sentimento', 'dói', 'dentro', 'coração', 'quer', 'ninguém', 'lugar']"
NossoAmoréOuro/PãodeMel,ZezéDiCamargoeLuciano,"['amor', 'ouro', 'joia', 'rara', 'ver', 'chuva', 'sonhos', 'coloridos', 'prazer', 'desejo', 'paixão', 'querer', 'coração', 'boca', 'sorriso', 'olhar', 'suor', 'pele', 'música', 'ar', 'doi', 'ninho', 'entregues', 'sabor', 'amar', 'amor', 'sangue', 'coração', 'sonho', 'jamais', 'quero', 'acordar', 'apaixonadamente', 'apaixonados', 'peixe', 'mar', 'semente', 'chão', 'arca', 'tesouro', 'amor', 'forte', 'diamante', 'amor', 'ouro', 'agora', 'assim', 'ó', 'coração', 'boca', 'sorriso', 'olhar', 'suor', 'pele', 'música', 'ar', 'doi', 'ninho', 'entregues', 'sabor', 'amar', 'amor', 'sangue', 'coração', 'sonho', 'jamais', 'quero', 'acordar', 'apaixonadamente', 'apaixonados', 'peixe', 'mar', 'semente', 'chão', 'arca', 'tesouro', 'amor', 'forte', 'diamante', 'amor', 'ouro', 'amor', 'sangue', 'coração', 'sonho', 'jamais', 'quero', 'acordar', 'apaixonadamente', 'apaixonados', 'peixe', 'mar', 'semente', 'chão', 'arca', 'tesouro', 'amor', 'forte', 'diamante', 'amor', 'ouro', 'amor', 'forte', 'diamante', 'amor', 'ouro', 'continuum', 'mãos', 'pra', 'cima', 'balanço', 'galera', 'lá', 'cima', 'quero', 'ver', 'vem', 'vem', 'hey', 'hey', 'hey', 'luz', 'estrada', 'caminho', 'sei', 'andar', 'sozinho', 'tão', 'dependente', 'chama', 'alimenta', 'fogo', 'paixão', 'chuva', 'molhou', 'coração', 'tão', 'dependente', 'vem', 'céu', 'pão', 'mel', 'bem', 'querer', 'canta', 'paulo', 'vai', 'vem', 'céu', 'pão', 'mel', 'bem', 'querer', 'ai', 'ai', 'ai', 'ai', 'ai', 'amor', 'bom', 'demais', 'ai', 'ai', 'ai', 'ai', 'ai', 'amor', 'marcou', 'demais', 'ai', 'ai', 'ai', 'ai', 'ai', 'amor', 'ficou', 'mim', 'ai', 'ai', 'ai', 'ai', 'ai', 'amor', 'vai', 'ter', 'fim', 'balanço', 'cadê', 'luz', 'estrada', 'caminho', 'sei', 'andar', 'sozinho', 'tão', 'dependente', 'chama', 'alimenta', 'fogo', 'paixão', 'chuva', 'molhou', 'coração', 'tão', 'dependente', 'vem', 'céu', 'pão', 'mel', 'bem', 'querer', 'vem', 'céu', 'pão', 'mel', 'bem', 'querer', 'ai', 'ai', 'ai', 'ai', 'ai', 'amor', 'bom', 'demais', 'ai', 'ai', 'ai', 'ai', 'ai', 'amor', 'marcou', 'demais', 'ai', 'ai', 'ai', 'ai', 'ai', 'amor', 'ficou', 'mim', 'ai', 'ai', 'ai', 'ai', 'ai', 'amor', 'vai', 'ter', 'fim', 'ai', 'ai', 'ai', 'ai', 'ai', 'amor', 'bom', 'demais', 'ai', 'ai', 'ai', 'ai', 'ai', 'amor', 'marcou', 'demais', 'ai', 'ai', 'ai', 'ai', 'amor', 'amor', 'ficou', 'mim', 'ai', 'ai', 'ai', 'ai', 'amor', 'amor', 'vai', 'ter', 'fim', 'amor', 'vai', 'ter', 'fim', 'amor', 'vai', 'ter', 'fim']"
ToquedeMágica,PedroeThiago,"['noite', 'chegar', 'tô', 'pensando', 'sol', 'acordar', 'tô', 'pensando', 'coração', 'chorar', 'tô', 'pensando', 'amor', 'encontrar', 'tô', 'pensando', 'olha', 'pra', 'mim', 'tente', 'entender', 'vou', 'esquecer', 'vou', 'parar', 'mundo', 'pra', 'toda', 'estrelas', 'trazer', 'toque', 'magica', 'baby', 'vou', 'rodar', 'mundo', 'pra', 'encontrar', 'sonho', 'lindo', 'pra', 'dar', 'toque', 'magica', 'baby']"
Amoriloveyou,MarisaMonte,"['deixa', 'dizer', 'amo', 'deixa', 'pensar', 'acalma', 'acolhe', 'alma', 'ajuda', 'viver', 'hoje', 'contei', 'pras', 'paredes', 'coisas', 'coração', 'passeei', 'tempo', 'caminhei', 'horas', 'passo', 'paixão', 'espelho', 'razão', 'quer', 'amor', 'fique', 'aqui', 'deixa', 'dizer', 'amo', 'deixa', 'gostar', 'acalma', 'acolhe', 'alma', 'ajuda', 'viver', 'hoje', 'contei', 'pras', 'paredes', 'coisas', 'coração', 'passeei', 'tempo', 'caminhei', 'horas', 'passo', 'paixão', 'espelho', 'razão', 'quer', 'amor', 'fique', 'aqui', 'peito', 'agora', 'dispara', 'vivo', 'constante', 'alegria', 'amor', 'aqui', 'amor', 'i', 'love', 'you', 'amor', 'i', 'love', 'you', 'amor', 'i', 'love', 'you', 'amor', 'i', 'love', 'you', 'bi', 'suspirado', 'beijado', 'papel', 'devotamente', 'primeira', 'vez', 'escreviam', 'sentimentalidades', 'orgulho', 'dilatava-se', 'calor', 'amoroso', 'saia', 'corpo', 'ressequido', 'estira', 'banho', 'tépido', 'sentia', 'acréscimo', 'estima', 'si', 'mesma', 'parecia-lhe', 'entrava', 'enfim', 'existência', 'superiormente', 'interessante', 'onde', 'cada', 'hora', 'intuito', 'diferente', 'cada', 'passo', 'conduzia', 'êxtase', 'alma', 'cobria', 'luxo', 'radioso', 'sensações', 'amor', 'i', 'love', 'you', 'amor', 'i', 'love', 'you', 'amor', 'i', 'love', 'you', 'amor', 'i', 'love', 'you', 'bi']"
Tõnemai,Luka,"['mãos', 'atadas', 'pés', 'descalços', 'mundo', 'andava', 'pernas', 'pro', 'ar', 'sempre', 'armada', 'segui', 'passos', 'atei', 'braços', 'pra', 'abandonar', 'lembro', 'nome', 'telefone', 'fiz', 'questão', 'apagar', 'aceitei', 'erros', 'reinventei', 'virei', 'página', 'agora', 'tô', 'outra', 'tô', 'aí', 'tô', 'aí', 'pode', 'ficar', 'mundinho', 'tô', 'aí', 'tô', 'aí', 'tô', 'aí', 'vem', 'falar', 'problemas', 'vou', 'ouvir', 'boca', 'fechada', 'embaraços', 'dei', 'toda', 'chance', 'ser', 'bom', 'rapaz', 'vencida', 'cansaço', 'amor', 'enterrado', 'descansa', 'paz', 'lembro', 'nome', 'telefone', 'fiz', 'questão', 'apagar', 'aceitei', 'erros', 'reinventei', 'virei', 'página', 'agora', 'tô', 'outra', 'tô', 'aí', 'tô', 'aí', 'pode', 'ficar', 'mundinho', 'tô', 'aí', 'tô', 'aí', 'tô', 'aí', 'vem', 'falar', 'problemas', 'vou', 'ouvir', 'tô', 'aí', 'tô', 'aí', 'pode', 'ficar', 'mundinho', 'to', 'aí', 'tô', 'aí', 'tô', 'aí', 'vem', 'falar', 'problemas', 'vou', 'ouvir']"
VouDeixar,Skank,"['vou', 'deixar', 'vida', 'levar', 'pra', 'onde', 'quiser', 'lugar', 'sabe', 'onde', 'conte', 'tempo', 'doi', 'poi', 'qualquer', 'hora', 'posso', 'estar', 'volta', 'noite', 'terminar', 'vou', 'deixar', 'vida', 'levar', 'pra', 'onde', 'quiser', 'seguir', 'direção', 'estrela', 'qualquer', 'quero', 'hora', 'pra', 'voltar', 'conheço', 'bem', 'solidão', 'solta', 'deixa', 'sorte', 'buscar', 'estrada', 'sozinho', 'enxergo', 'nada', 'vou', 'ficar', 'aqui', 'dia', 'amanheça', 'vou', 'esquecer', 'mim', 'puder', 'esqueça', 'vou', 'deixar', 'coração', 'bater', 'madrugada', 'fim', 'deixar', 'sol', 'ver', 'ajoelhada', 'mim', 'sim', 'hora', 'pra', 'voltar', 'agradeço', 'tanto', 'escolta', 'deixa', 'noite', 'terminar', 'estrada', 'sozinho', 'enxergo', 'nada', 'vou', 'ficar', 'aqui', 'dia', 'amanheça', 'vou', 'esquecer', 'mim', 'puder', 'esqueça', 'quero', 'hora', 'pra', 'voltar', 'conheço', 'bem', 'solidão', 'solta', 'deixa', 'sorte', 'buscar', 'hora', 'pra', 'voltar', 'agradeço', 'tanto', 'escolta', 'deixa', 'noite', 'terminar']"
OSol,JotaQuest,"['ei', 'dor', 'escuto', 'lev', 'nada', 'ei', 'medo', 'escuto', 'lev', 'nada', 'quiser', 'saber', 'pra', 'onde', 'vou', 'pra', 'onde', 'sol', 'pra', 'lá', 'vou', 'quiser', 'saber', 'pra', 'onde', 'vou', 'pra', 'onde', 'sol', 'pra', 'lá', 'vou', 'ei', 'dor', 'escuto', 'lev', 'nada', 'ei', 'medo', 'escuto', 'lev', 'nada', 'quiser', 'saber', 'pra', 'onde', 'vou', 'pra', 'onde', 'sol', 'pra', 'lá', 'vou', 'pra', 'lá', 'vou', 'quiser', 'saber', 'pra', 'onde', 'vou', 'pra', 'onde', 'sol', 'pra', 'lá', 'vou', 'pra', 'lá', 'vou', 'yeah', 'caminho', 'sol', 'baby', 'naranara', 'laralara', 'caminho', 'sol', 'baby', 'quiser', 'saber', 'pra', 'onde', 'vou', 'pra', 'onde', 'sol', 'pra', 'lá', 'vou', 'quiser', 'saber', 'pra', 'onde', 'vou', 'pra', 'onde', 'sol', 'pra', 'lá', 'vou', 'pra', 'lá', 'vou', 'quiser', 'saber', 'pra', 'onde', 'vou', 'pra', 'onde', 'sol', 'pra', 'lá', 'vou', 'pra', 'lá', 'vou', 'quiser', 'saber', 'pra', 'onde', 'vou', 'pra', 'onde', 'sol', 'pra', 'lá', 'vou', 'pra', 'lá', 'vou', 'quiser', 'saber', 'pra', 'onde', 'vou', 'pra', 'onde', 'sol', 'pra', 'lá', 'vou', 'pra', 'lá', 'vou', 'naranara', 'laralara', 'pra', 'lá', 'vou', 'lalaralara', 'onde', 'sol', 'pra', 'lá', 'vou']"
Razõeseemoções,NXZero,"['dizer', 'posso', 'dizer', 'cantando', 'agora', 'pra', 'ouvir', 'outra', 'pessoa', 'vezes', 'acho', 'melhor', 'pra', 'vezes', 'acho', 'poderíamos', 'ser', 'melhor', 'pra', 'doi', 'quero', 'saiba', 'razões', 'emoções', 'saída', 'fazer', 'valer', 'pena', 'agora', 'importa', 'posso', 'esperar', 'sentir', 'posso', 'sentir', 'segundo', 'tudo', 'acabar', 'vou', 'ter', 'fugir', 'vezes', 'acho', 'melhor', 'pra', 'vezes', 'acho', 'poderíamos', 'ser', 'melhor', 'pra', 'doi', 'quero', 'saiba', 'razões', 'emoções', 'saída', 'fazer', 'valer', 'pena', 'agora', 'importa', 'posso', 'esperar', 'posso', 'esperar', 'posso', 'esperar', 'razões', 'emoções', 'saída', 'fazer', 'valer', 'pena', 'agora', 'importa', 'posso', 'esperar', 'razões', 'emoções', 'saída', 'fazer', 'valer', 'pena', 'agora', 'importa', 'posso', 'esperar', 'posso', 'esperar', 'posso', 'esperar', 'posso', 'esperar']"
MaisumaVez,RenatoRusso,"['claro', 'sol', 'vai', 'voltar', 'amanhã', 'vez', 'sei', 'escuridão', 'vi', 'pior', 'endoidecer', 'gente', 'sã', 'espera', 'sol', 'vem', 'gente', 'lado', 'deveria', 'estar', 'lado', 'lá', 'gente', 'machuca', 'outros', 'gente', 'sabe', 'amar', 'gente', 'enganando', 'gente', 'veja', 'vida', 'sei', 'dia', 'gente', 'aprende', 'quiser', 'alguém', 'confiar', 'confie', 'si', 'acredita', 'sempre', 'alcança', 'claro', 'sol', 'vai', 'voltar', 'amanhã', 'vez', 'sei', 'escuridão', 'vi', 'pior', 'endoidecer', 'gente', 'sã', 'espera', 'sol', 'vem', 'nunca', 'deixe', 'digam', 'vale', 'pena', 'acreditar', 'sonho', 'plano', 'nunca', 'vão', 'dar', 'certo', 'nunca', 'vai', 'ser', 'alguém', 'gente', 'machuca', 'outros', 'gente', 'sabe', 'amar', 'sei', 'dia', 'gente', 'aprende', 'quiser', 'alguém', 'confiar', 'confie', 'si', 'acredita', 'sempre', 'alcança', 'acredita', 'sempre', 'alcança', 'acredita', 'sempre', 'alcança', 'acredita', 'sempre', 'alcança', 'acredita', 'sempre', 'alcança', 'acredita', 'sempre', 'alcança', 'acredita', 'sempre', 'alcança', 'acredita', 'sempre', 'alcança']"
Smooth,Santanaft.RobThomas,"['man', 'it', 'hot', 'one', 'like', 'seven', 'inch', 'from', 'the', 'midday', 'sun', 'well', 'i', 'hear', 'you', 'whisper', 'and', 'the', 'word', 'melt', 'everyone', 'but', 'you', 'stay', 'so', 'cool', 'my', 'muñequita', 'my', 'spanish', 'harlem', 'mona', 'lisa', 'you', 'my', 'reason', 'reason', 'the', 'step', 'in', 'my', 'groove', 'and', 'if', 'you', 'said', 'this', 'life', 'ai', ""n't"", 'good', 'enough', 'i', 'would', 'give', 'my', 'world', 'to', 'lift', 'you', 'up', 'i', 'could', 'change', 'my', 'life', 'to', 'better', 'suit', 'your', 'mood', 'because', 'you', 'so', 'smooth', 'and', 'it', 'just', 'like', 'the', 'ocean', 'under', 'the', 'moon', 'oh', 'it', 'the', 'same', 'the', 'emotion', 'that', 'i', 'get', 'from', 'you', 'you', 'got', 'the', 'kind', 'of', 'lovin', 'that', 'can', 'be', 'so', 'smooth', 'yeah', 'give', 'your', 'heart', 'make', 'it', 'real', 'or', 'else', 'forget', 'about', 'it', 'but', 'i', 'tell', 'you', 'one', 'thing', 'if', 'you', 'would', 'leave', 'it', 'be', 'cry', 'shame', 'in', 'every', 'breath', 'and', 'every', 'word', 'i', 'hear', 'your', 'name', 'calling', 'out', 'out', 'from', 'the', 'barrio', 'you', 'hear', 'my', 'rhythm', 'on', 'your', 'radio', 'you', 'feel', 'the', 'turning', 'of', 'the', 'world', 'so', 'soft', 'and', 'slow', 'it', 'turning', 'you', 'round', 'and', 'round', 'and', 'if', 'you', 'said', 'this', 'life', 'ai', ""n't"", 'good', 'enough', 'i', 'would', 'give', 'my', 'world', 'to', 'lift', 'you', 'up', 'i', 'could', 'change', 'my', 'life', 'to', 'better', 'suit', 'your', 'mood', 'because', 'you', 'so', 'smooth', 'well', 'and', 'it', 'just', 'like', 'the', 'ocean', 'under', 'the', 'moon', 'well', 'it', 'the', 'same', 'the', 'emotion', 'that', 'i', 'get', 'from', 'you', 'you', 'got', 'the', 'kind', 'of', 'lovin', 'that', 'can', 'be', 'so', 'smooth', 'yeah', 'give', 'your', 'heart', 'make', 'it', 'real', 'or', 'else', 'forget', 'about', 'it', 'well', 'and', 'it', 'just', 'like', 'the', 'ocean', 'under', 'the', 'moon', 'oh', 'it', 'the', 'same', 'the', 'emotion', 'that', 'i', 'get', 'from', 'you', 'you', 'got', 'the', 'kind', 'of', 'lovin', 'that', 'can', 'be', 'so', 'smooth', 'yeah', 'give', 'your', 'heart', 'make', 'it', 'real', 'or', 'else', 'forget', 'about', 'it', 'or', 'else', 'forget', 'about', 'it', 'or', 'else', 'forget', 'about', 'it', 'oh', 'let', ""n't"", 'forget', 'about', 'it', 'give', 'your', 'heart', 'make', 'it', 'real', 'let', ""n't"", 'forget', 'about', 'it', 'hey', 'let', ""n't"", 'forget', 'about', 'it', 'oh', 'oh', 'let', ""n't"", 'forget', 'about', 'it', 'oh', 'let', ""n't"", 'forget', 'about', 'it', 'hey', 'oh', 'let', ""n't"", 'forget', 'about', 'it', 'hey', 'hey', 'hey']"
Malandragem,CássiaEller,"['sabe', 'ainda', 'garotinha', 'esperando', 'ônibus', 'escola', 'sozinha', 'cansada', 'meias', 'três-quartos', 'rezando', 'baixo', 'canto', 'ser', 'menina', 'má', 'sabe', 'príncipe', 'virou', 'chato', 'vive', 'dando', 'saco', 'sabe', 'vida', 'sonhar', 'peço', 'deus', 'pouco', 'malandragem', 'poi', 'criança', 'conheço', 'verdade', 'poeta', 'aprendi', 'amar', 'poeta', 'aprendi', 'amar', 'bobeira', 'viver', 'realidade', 'ainda', 'tarde', 'inteira', 'ando', 'ruas', 'troco', 'cheque', 'mudo', 'planta', 'lugar', 'dirijo', 'carro', 'tomo', 'pileque', 'ainda', 'tempo', 'pra', 'cantar', 'peço', 'deus', 'pouco', 'malandragem', 'poi', 'criança', 'conheço', 'verdade', 'poeta', 'aprendi', 'amar', 'poeta', 'aprendi', 'amar']"
euamo,ZezédiCamargoeLuciano,"['amo', 'sei', 'tudo', 'passa', 'cabeça', 'baby', 'coisas', 'naturais', 'quer', 'aconteça', 'vai', 'ver', 'respostas', 'vão', 'ser', 'sempre', 'iguais', 'casa', 'feita', 'sobre', 'pedras', 'dia-a-dia', 'mês-a-mês', 'passado', 'tudo', 'flores', 'tudo', 'bem', 'pergunte', 'então', 'vez', 'vou', 'ser', 'pra', 'todo', 'sempre', 'melhor', 'amigo', 'quero', 'ir', 'fim', 'vida', 'contigo', 'ainda', 'apaixonado', 'amo', 'qualquer', 'ser', 'humano', 'vou', 'quero', 'amo', 'motivos', 'nada', 'ver', 'gente', 'baby', 'tempo', 'vai', 'mostrar', 'prometo', 'quiser', 'vai', 'frente', 'ok', 'pode', 'perguntar', 'vou', 'estar', 'esperando', 'lado', 'lá', 'vou', 'ser', 'pra', 'todo', 'sempre', 'melhor', 'amigo', 'quero', 'ir', 'fim', 'vida', 'contigo', 'ainda', 'apaixonado', 'amo', 'qualquer', 'ser', 'humano', 'vou', 'quero', 'amo', 'simple', 'parece', 'cuido', 'cuida', 'mim', 'aqueço', 'aquece', 'pra', 'sempre', 'vai', 'vai', 'ser', 'assim', 'vou', 'ser', 'pra', 'todo', 'sempre', 'melhor', 'amigo', 'quero', 'ir', 'fim', 'vida', 'contigo', 'ainda', 'apaixonado', 'amo', 'qualquer', 'ser', 'humano', 'vou', 'quero', 'amo', 'pergunte', 'então', 'vez', 'vou', 'quero', 'amo', 'respostas', 'vão', 'ser', 'sempre', 'iguais', 'vou', 'quero', 'amo']"
Festa/SorteGrande,IveteSangalo,"['sorte', 'grande', 'cair', 'céu', 'paixão', 'verdadeira', 'viver', 'emoção', 'ganhar', 'coração', 'pra', 'ser', 'feliz', 'vida', 'inteira', 'lindo', 'sorriso', 'brilho', 'olhos', 'anjo', 'querubim', 'doce', 'beijos', 'calor', 'braços', 'perfume', 'jasmim', 'chegou', 'espaço', 'mandando', 'pedaço', 'amor', 'brincadeira', 'pegou', 'deu', 'laço', 'dançou', 'bem', 'compasso', 'prazer', 'levantou', 'poeira', 'poeira', 'poeira', 'poeira', 'levantou', 'poeira', 'poeira', 'poeira', 'poeira', 'levantou', 'poeira']"
ÉIssoAí,"AnaCarolina,SeuJorge","['aí', 'gente', 'achou', 'ia', 'ser', 'vida', 'tão', 'simple', 'boa', 'quase', 'sempre', 'aí', 'passos', 'vão', 'ruas', 'ninguém', 'reparou', 'lua', 'vida', 'sempre', 'continuum', 'sei', 'parar', 'olhar', 'sei', 'parar', 'olhar', 'vou', 'parar', 'olhar', 'canso', 'olhar', 'sei', 'parar', 'olhar', 'aí', 'acredite', 'milagres', 'cometa', 'maldades', 'saiba', 'dizer', 'verdade', 'aí', 'vendedor', 'flores', 'ensinar', 'filhos', 'escolher', 'amores', 'sei', 'parar', 'olhar', 'sei', 'parar', 'olhar', 'vou', 'parar', 'olhar', 'canso', 'olhar', 'vou', 'parar', 'olhar', 'aí', 'acredite', 'milagres', 'cometa', 'maldades', 'saiba', 'dizer', 'verdade', 'aí', 'vendedor', 'flores', 'ensinar', 'filhos', 'escolher', 'amores', 'sei', 'parar', 'olhar', 'sei', 'parar', 'olhar', 'vou', 'parar', 'olhar', 'canso', 'olhar', 'vou', 'parar', 'olhar']"
NatirutsReggaePower,Natiruts,"['noite', 'cair', 'som', 'trazer', 'algum', 'sonho', 'bom', 'fazer', 'tudo', 'transcender', 'tristeza', 'vai', 'sumir', 'ninguém', 'vai', 'sofrer', 'sintonize', 'vibração', 'tempo', 'pra', 'viver', 'vão', 'pense', 'desistir', 'existe', 'mundo', 'quer', 'ver', 'sorrir', 'chora', 'vida', 'feita', 'aprender', 'agora', 'hora', 'tentar', 'libertar', 'vai', 'doer', 'deixe', 'energia', 'som', 'levar', 'vibe', 'positiva', 'solta', 'ar', 'sente', 'alma', 'capaz', 'amar', 'tá', 'sempre', 'livre', 'pra', 'cantar', 'ô', 'ô', 'ô', 'ô', 'natiruts', 'reggae', 'power', 'chegou', 'ô', 'ô', 'ô', 'ô', 'transformando', 'toda', 'noite', 'amor', 'paz', 'amor', 'quero', 'vida', 'ganha', 'vou', 'correndo', 'atrás', 'luz', 'sorriso', 'noite', 'demais', 'brasil', 'jamaica', 'harmonia', 'paz', 'sintonize', 'vibração', 'tempo', 'pra', 'viver', 'vão', 'pense', 'desistir', 'existe', 'mundo', 'quer', 'ver', 'sorrir', 'chora', 'vida', 'feita', 'aprender', 'agora', 'hora', 'tentar', 'libertar', 'vai', 'doer', 'deixe', 'energia', 'som', 'levar', 'vibe', 'positiva', 'solta', 'ar', 'sente', 'alma', 'capaz', 'amar', 'tá', 'sempre', 'livre', 'pra', 'cantar', 'ô', 'ô', 'ô', 'ô', 'natiruts', 'reggae', 'power', 'chegou', 'ô', 'ô', 'ô', 'ô', 'transformando', 'toda', 'noite', 'amor']"
AnnaJúlia,LosHermanos,"['ver', 'passar', 'assim', 'mim', 'sabe', 'sofrer', 'ter', 'ver', 'assim', 'sempre', 'tão', 'linda', 'contemplar', 'sol', 'olhar', 'perder', 'ar', 'certeza', 'amor', 'achar', 'nada', 'poi', 'ter', 'carinho', 'sinto', 'sozinho', 'afogo', 'solidão', 'oh', 'anna', 'julia', 'oh', 'anna', 'julia', 'nunca', 'acreditei', 'ilusão', 'ter', 'pra', 'mim', 'atormenta', 'previsão', 'destino', 'passando', 'dia', 'esperar', 'notar', 'tudo', 'fim', 'vai', 'estar', 'cara', 'alguém', 'carinho', 'sempre', 'espinho', 'dentro', 'coração', 'oh', 'anna', 'julia', 'oh', 'anna', 'julia', 'sei', 'quer', 'amor', 'sei', 'gosta', 'mim', 'sei', 'sempre', 'sonhou', 'vou', 'reconquistar', 'amor', 'todo', 'pra', 'mim', 'oh', 'anna', 'julia', 'oh', 'anna', 'julia', 'oh', 'anna', 'julia', 'oh', 'anna', 'julia', 'julia', 'julia']"
QuerCasarComigo,BrunoeMarrone,"['quer', 'quer', 'quer', 'quer', 'casar', 'comigo', 'ser', 'bons', 'amigo', 'céu', 'mar', 'quer', 'quer', 'quer', 'quer', 'ser', 'pra', 'sempre', 'sereia', 'rainha', 'hummm', 'pra', 'mim', 'tanto', 'faz', 'quer', 'quer', 'quer', 'quer', 'casar', 'comigo', 'ser', 'bons', 'amigo', 'céu', 'mar', 'quer', 'quer', 'quer', 'quer', 'ser', 'pra', 'sempre', 'sereia', 'rainha', 'hummm', 'pra', 'mim', 'tanto', 'faz', 'chegou', 'chutando', 'balde', 'fazendo', 'fazendo', 'baderna', 'coração', 'mostrou', 'veio', 'pra', 'ficar', 'agora', 'tô', 'carente', 'tô', 'xonado', 'jeito', 'vou', 'fazer', 'vida', 'carinho', 'jeitinho', 'dengo', 'cheiro', 'chamego', 'ai', 'ai', 'menina', 'lá', 'vou', 'novo', 'aqui', 'perguntar', 'quer', 'quer', 'quer', 'quer', 'casar', 'comigo', 'ser', 'bons', 'amigo', 'céu', 'mar', 'quer', 'quer', 'quer', 'quer', 'ser', 'pra', 'sempre', 'sereia', 'rainha', 'hummm', 'pra', 'mim', 'tanto', 'faz', 'chegou', 'chutando', 'balde', 'fazendo', 'fazendo', 'baderna', 'coração', 'mostrou', 'veio', 'pra', 'ficar', 'agora', 'tô', 'carente', 'tô', 'xonado', 'jeito', 'vou', 'fazer', 'vida', 'carinho', 'jeitinho', 'dengo', 'cheiro', 'chamego', 'ai', 'ai', 'menina', 'lá', 'vou', 'novo', 'aqui', 'perguntar', 'quer', 'quer', 'quer', 'quer', 'casar', 'comigo', 'ser', 'bons', 'amigo', 'céu', 'mar', 'quer', 'quer', 'quer', 'quer', 'ser', 'pra', 'sempre', 'sereia', 'rainha', 'hummm', 'pra', 'mim', 'tanto', 'faz', 'quer', 'casar', 'comigo']"
Equalize,Pitty,"['vezes', 'distraio', 'vigio', 'instante', 'transporto', 'pra', 'perto', 'vi', 'posso', 'ficar', 'tão', 'solta', 'vem', 'logo', 'cheiro', 'passa', 'pra', 'mim', 'fluxo', 'perfeito', 'enquanto', 'conversa', 'beija', 'tempo', 'vejo', 'core', 'olho', 'tão', 'perto', 'balanço', 'devagar', 'embala', 'ritmo', 'rola', 'fácil', 'parece', 'ensaiado', 'acho', 'gosto', 'bem', 'jeito', 'vou', 'equalizar', 'frequência', 'gente', 'sabe', 'transformei', 'nessa', 'canção', 'pra', 'poder', 'gravar', 'mim', 'adoro', 'cara', 'sono', 'timbre', 'voz', 'fica', 'dizendo', 'coisas', 'tão', 'malucas', 'quase', 'mata', 'rir', 'tenta', 'convencer', 'fiquei', 'aqui', 'porque', 'doi', 'iguais', 'parece', 'manual', 'instruções', 'porque', 'decifra', 'sonhos', 'porque', 'sabe', 'gosto', 'porque', 'abraça', 'mundo', 'gira', 'devagar', 'tempo', 'ninguém', 'registra', 'cena', 'repente', 'vira', 'filme', 'todo', 'câmera', 'lenta', 'acho', 'gosto', 'bem', 'jeito', 'vou', 'equalizar', 'frequência', 'gente', 'sabe', 'transformei', 'nessa', 'canção', 'pra', 'poder', 'gravar', 'mim', 'vou', 'equalizar', 'frequência', 'gente', 'sabe', 'transformei', 'nessa', 'canção', 'pra', 'poder', 'gravar', 'mim']"
ChoraMeLiga,JoãoBoscoeVinícius,"['pra', 'apaixonar', 'pra', 'gente', 'ficar', 'avisei', 'bem', 'avisei', 'sabia', 'assim', 'paixão', 'noite', 'logo', 'fim', 'falei', 'bem', 'falei', 'vai', 'ser', 'tão', 'fácil', 'assim', 'ter', 'mãos', 'logo', 'acostumada', 'brincar', 'outro', 'coração', 'venha', 'perguntar', 'melhor', 'saída', 'sofri', 'amor', 'agora', 'vou', 'curtir', 'vida', 'chora', 'liga', 'implora', 'beijo', 'novo', 'pede', 'socorro', 'sabe', 'vou', 'salvar', 'chora', 'liga', 'implora', 'amor', 'pede', 'favor', 'sabe', 'dia', 'volto', 'procurar']"
MeNamora,Natiruts,"['lembro', 'vi', 'caminhar', 'havia', 'brilho', 'olhar', 'junto', 'sorriso', 'olhar', 'vem', 'encontro', 'dia', 'fez', 'feliz', 'perto', 'mim', 'longe', 'mim', 'fico', 'tempo', 'todo', 'imaginar', 'fazer', 'encontrar', 'fizer', 'vai', 'dizer', 'capaz', 'entender', 'vou', 'tentar', 'vou', 'fazer', 'notar', 'vim', 'aqui', 'dizer', 'namora', 'poi', 'saio', 'sei', 'chora', 'fica', 'casa', 'contando', 'horas', 'reclama', 'tempo', 'demora', 'abre', 'braços', 'vem', 'namora', 'quero', 'dar', 'vazão', 'sentimento', 'mostrar', 'lindo', 'sinto', 'dentro', 'beleza', 'canto', 'agora', 'abre', 'braços', 'vem', 'namora', 'penso', 'estar', 'vivendo', 'ilusão', 'saber', 'quer', 'dera', 'resposta', 'sim', 'acho', 'liga', 'pra', 'mim', 'assim', 'coração', 'sofre', 'vão', 'bate', 'triste', 'então', 'ainda', 'pode', 'alegrar', 'repente', 'reparar', 'aconteceu', 'sente', 'amor', 'tão', 'grande', 'quanto', 'abre', 'olhos', 'veja', 'adora', 'sonha', 'mundo', 'afora', 'volta', 'pra', 'dizer', 'namora', 'poi', 'saio', 'sei', 'chora', 'fica', 'casa', 'contando', 'horas', 'reclama', 'tempo', 'demora', 'vem', 'abre', 'braços', 'vem', 'namora', 'quero', 'dar', 'vazão', 'sentimento', 'mostrar', 'lindo', 'sinto', 'dentro', 'beleza', 'canto', 'agora', 'abre', 'braços', 'vem', 'namora']"
VersosSimples,Chimarruts,"['sabe', 'faz', 'tempo', 'queria', 'falar', 'coisas', 'trago', 'peito', 'saudade', 'sei', 'palavra', 'certa', 'usar', 'ainda', 'lembro', 'jeito', 'trago', 'ouro', 'porque', 'entra', 'céu', 'nenhuma', 'riqueza', 'deste', 'mundo', 'trago', 'flores', 'porque', 'secam', 'caem', 'chão', 'trago', 'verso', 'simple', 'fiz', 'coração', 'sabe', 'faz', 'tempo', 'queria', 'falar', 'coisas', 'trago', 'peito', 'saudade', 'sei', 'palavra', 'certa', 'usar', 'ainda', 'lembro', 'jeito', 'trago', 'ouro', 'porque', 'entra', 'céu', 'nenhuma', 'riqueza', 'deste', 'mundo', 'trago', 'flores', 'porque', 'secam', 'caem', 'chão', 'trago', 'verso', 'simple', 'fiz', 'coração']"
DoisRios,Skank,"['céu', 'chão', 'céu', 'cai', 'alto', 'claro', 'escuridão', 'céu', 'toca', 'chão', 'céu', 'vai', 'alto', 'doi', 'lados', 'deram', 'mãos', 'fiz', 'pra', 'poder', 'conhecer', 'voz', 'vida', 'vem', 'dizer', 'braços', 'sentem', 'olhos', 'veem', 'lábios', 'doi', 'rio', 'inteiros', 'direção', 'sol', 'pé', 'mão', 'sol', 'mãe', 'pai', 'dissolve', 'escuridão', 'sol', 'põe', 'vai', 'após', 'pôr', 'sol', 'renasce', 'japão', 'vi', 'pra', 'poder', 'entender', 'voz', 'vida', 'ouvi', 'dizer', 'braços', 'sentem', 'olhos', 'veem', 'lábios', 'beijam', 'doi', 'rio', 'inteiros', 'direção', 'lugar', 'lado', 'corpo', 'inteiro', 'dou', 'lugar', 'poi', 'lugar', 'amor', 'primeiro', 'dia', 'noite', 'quatro', 'estações', 'céu', 'chão', 'céu', 'cai', 'alto', 'claro', 'escuridão', 'céu', 'toca', 'chão', 'céu', 'vai', 'alto', 'doi', 'lados', 'deram', 'mãos', 'fiz', 'pra', 'poder', 'conhecer', 'voz', 'vida', 'vem', 'dizer', 'braços', 'sentem', 'olhos', 'veem', 'lábios', 'doi', 'rio', 'inteiros', 'direção', 'lugar', 'lado', 'corpo', 'inteiro', 'dou', 'lugar', 'poi', 'lugar', 'amor', 'primeiro', 'dia', 'noite', 'quatro', 'estações', 'braços', 'sentem', 'olhos', 'veem', 'lábios', 'doi', 'rio', 'inteiros', 'direção']"
Xibombombom,AsMeninas,"['intro', 'bom', 'xibom', 'xibom', 'bombom', 'bom', 'xibom', 'xibom', 'bombom', 'bom', 'xibom', 'xibom', 'bombom', 'bom', 'xibom', 'xibom', 'bombom', 'analisando', 'cadeia', 'hereditária', 'quero', 'livrar', 'dessa', 'situação', 'precária', 'onde', 'rico', 'cada', 'vez', 'fica', 'rico', 'pobre', 'cada', 'vez', 'fica', 'pobre', 'motivo', 'todo', 'mundo', 'conhece', 'cima', 'sobe', 'baixo', 'desce', 'bom', 'xibom', 'xibom', 'bombom', 'bom', 'xibom', 'xibom', 'bombom', 'bom', 'xibom', 'xibom', 'bombom', 'bom', 'xibom', 'xibom', 'bombom', 'quero', 'educar', 'filhos', 'tornar', 'cidadão', 'muita', 'dignidade', 'quero', 'viver', 'bem', 'quero', 'alimentar', 'grana', 'ganho', 'dá', 'pra', 'melar', 'motivo', 'todo', 'mundo', 'conhece', 'cima', 'sobe', 'baixo', 'desce', 'bom', 'xibom', 'xibom', 'bombom', 'bom', 'xibom', 'xibom', 'bombom', 'bom', 'xibom', 'xibom', 'bombom', 'bom', 'xibom', 'xibom', 'bombom']"
"Ai,Ai,Ai",VanessaDaMata,"['quiser', 'vou', 'dar', 'amor', 'des', 'cinema', 'vai', 'faltar', 'carinho', 'plano', 'assunto', 'longo', 'dia', 'quiser', 'largo', 'tudo', 'vou', 'pro', 'mundo', 'bem', 'nessa', 'estrada', 'belas', 'praia', 'cachoeiras', 'aonde', 'vento', 'brisa', 'onde', 'possa', 'felicidade', 'vamos', 'brindar', 'vida', 'bem', 'aonde', 'vento', 'brisa', 'céu', 'claro', 'estrelas', 'gente', 'precisa', 'tomar', 'banho', 'chuva', 'banho', 'chuva', 'ai', 'ai', 'ai', 'ai', 'ai', 'ai', 'ai', 'ai', 'ai']"
Anjo,KellyKey,"['noite', 'chega', 'depressão', 'orgulho', 'incomoda', 'pedra', 'porta', 'coração', 'assim', 'fascino', 'fecho', 'olhos', 'esqueço', 'razão', 'esqueço', 'desse', 'jeito', 'realidade', 'louca', 'toda', 'ilusão', 'anjo', 'juro', 'amo', 'todos', 'plano', 'venerar', 'sina', 'anjo', 'entende', 'querer']"
FlordoReggae,IveteSangalo,"['brilho', 'amor', 'chegou', 'ilha', 'inteira', 'lua', 'traz', 'amor', 'lua', 'cheia', 'grito', 'dor', 'vem', 'peito', 'amou', 'alguém', 'reggae', 'traz', 'saudades', 'beijou', 'agora', 'tá', 'tão', 'distante', 'outra', 'ilha', 'amor', 'chamou', 'flor', 'disse', 'alguém', 'pra', 'vida', 'inteira', 'flor', 'cheira', 'flor', 'rega', 'nesse', 'reggae', 'vou', 'noite', 'inteira', 'porque', 'morrer', 'amor', 'brincadeira', 'brilho', 'amor', 'chegou', 'ilha', 'inteira', 'lua', 'traz', 'amor', 'lua', 'cheia', 'grito', 'dor', 'vem', 'peito', 'amou', 'alguém', 'reggae', 'traz', 'saudades', 'beijou', 'agora', 'tá', 'tão', 'distante', 'outra', 'ilha', 'amor', 'chamou', 'flor', 'disse', 'alguém', 'pra', 'vida', 'inteira', 'refrão', 'vezes', 'flor', 'cheira', 'flor', 'rega', 'nesse', 'reggae', 'vou', 'noite', 'inteira', 'porque', 'morrer', 'amor', 'brincadeira']"
VamosFugir,Skank,"['vamos', 'fugir', 'deste', 'lugar', 'baby', 'vamos', 'fugir', 'tô', 'cansado', 'esperar', 'carregue', 'vamos', 'fugir', 'pro', 'outro', 'lugar', 'baby', 'vamos', 'fugir', 'pra', 'onde', 'quer', 'vá', 'carregue', '[', 'refrão', ']', 'poi', 'diga', 'irá', 'irá', 'irajá', 'pra', 'onde', 'veja', 'veja-me', 'marajó', 'marajó', 'qualquer', 'outro', 'lugar', 'comum', 'outro', 'lugar', 'qualquer', 'guaporé', 'guaporé', 'qualquer', 'outro', 'lugar', 'sol', 'outro', 'lugar', 'sul', 'céu', 'azul', 'céu', 'azul', 'onde', 'corpo', 'nu', 'junto', 'corpo', 'nu', 'vamos', 'fugir', 'pra', 'outro', 'lugar', 'baby', 'vamos', 'fugir', 'pra', 'onde', 'tobogã', 'onde', 'gente', 'escorregue', 'vamos', 'fugir', 'deste', 'lugar', 'baby', 'vamos', 'fugir', 'tô', 'cansado', 'esperar', 'carregue', 'poi', 'diga', 'irá', 'irajá', 'irajá', 'pra', 'onde', 'veja', 'veja-me', 'marajó', 'marajó', 'qualquer', 'outro', 'lugar', 'comum', 'outro', 'lugar', 'qualquer', 'guaporé', 'guaporé', 'qualquer', 'outro', 'lugar', 'sol', 'outro', 'lugar', 'sul', 'céu', 'azul', 'céu', 'azul', 'onde', 'corpo', 'nu', 'junto', 'corpo', 'nu', 'vamos', 'fugir', 'pra', 'outro', 'lugar', 'baby', 'vamos', 'fugir', 'pra', 'onde', 'tobogã', 'onde', 'gente', 'escorregue', 'todo', 'dia', 'manhã', 'flores', 'gente', 'regue', 'banda', 'maçã', 'outra', 'banda', 'reggae', 'tô', 'cansado', 'esperar', 'carregue', 'todo', 'dia', 'manhã', 'flores', 'gente', 'regue', 'banda', 'maçã', 'outra', 'banda', 'reggae']"
AcimadoSol,Skank,"['assim', 'vai', 'achar', 'cara', 'queira', 'quis', 'fazer', 'sim', 'sei', 'vai', 'achar', 'alguém', 'pra', 'vida', 'inteira', 'quis', 'tão', 'fácil', 'perceber', 'sorte', 'escolheu', 'cego', 'nota', 'tudo', 'ainda', 'nada', 'dia', 'madrugada', 'gastou', 'cota', 'posso', 'ajudar', 'caminho', 'outro', 'faça', 'queria', 'insistir', 'caminho', 'existe', 'passa', 'ainda', 'pouco', 'quer', 'infantil', 'louco', 'sol', 'acima', 'sol', 'sempre', 'sempre', 'nunca', 'lado', 'ainda', 'longe', 'qualquer', 'lugar', 'ôo', 'dia', 'vai', 'achar', 'cara', 'queira', 'quis', 'fazer', 'sim', 'sei', 'vai', 'achar', 'alguém', 'pra', 'vida', 'inteira', 'quis', 'sorte', 'sorriu', 'sorrir', 'volta', 'nunca', 'olha', 'volta', 'quero', 'estar', 'sendo', 'mau', 'moralista', 'banal', 'aqui', 'afligia', 'ôo', 'dia', 'vai', 'achar', 'cara', 'queira', 'quis', 'fazer', 'sim', 'sei', 'vai', 'achar', 'alguém', 'pra', 'vida', 'inteira', 'quis']"
AmorMaior,JotaQuest,"['quero', 'ficar', 'comigo', 'consigo', 'quero', 'ficar', 'junto', 'sozinho', 'possível', 'preciso', 'amar', 'direito', 'amor', 'qualquer', 'jeito', 'ser', 'amor', 'qualquer', 'hora', 'ser', 'amor', 'corpo', 'inteiro', 'amor', 'dentro', 'pra', 'amor', 'desconheço', 'quero', 'amor', 'maior', 'amor', 'maior', 'quero', 'amor', 'maior', 'amor', 'maior', 'quero', 'ficar', 'comigo', 'consigo', 'quero', 'ficar', 'junto', 'sozinho', 'assim', 'possível', 'preciso', 'amar', 'direito', 'amor', 'qualquer', 'jeito', 'ser', 'amor', 'qualquer', 'hora', 'ser', 'amor', 'corpo', 'inteiro', 'amor', 'dentro', 'pra', 'amor', 'desconheço', 'quero', 'amor', 'maior', 'amor', 'maior', 'quero', 'amor', 'maior', 'amor', 'maior', 'então', 'seguirei', 'coração', 'fim', 'pra', 'saber', 'amor', 'magoarei', 'assim', 'querer', 'pra', 'saber', 'amor', 'estarei', 'feliz', 'morrendo', 'dor', 'pra', 'saber', 'amor', 'amor', 'quero', 'amor', 'maior', 'amor', 'maior', 'quero', 'amor', 'maior', 'amor', 'maior']"
MinaDoCondomínio,SeuJorge,"['tô', 'namorando', 'mina', 'sei', 'namora', 'mina', 'maneira', 'condomínio', 'lá', 'bairro', 'onde', 'moro', 'bi', 'cabelo', 'alucina', 'boca', 'devora', 'voz', 'ilumina', 'olhar', 'apavora', 'perdi', 'sorriso', 'preciso', 'encontrar', 'mostre', 'paraíso', 'vou', 'voltar', 'poi', 'vou', 'digo', 'oi', 'nada', 'passa', 'calçada', 'dou', 'bom', 'dia', 'liga', 'chega', 'paro', 'tudo', 'passa', 'fico', 'todo', 'vem', 'vindo', 'faço', 'figa', 'mando', 'beijo', 'pega', 'pisco', 'olho', 'nega', 'faço', 'pose', 'vê', 'jogo', 'charme', 'ignora', 'chego', 'junto', 'sai', 'escrevo', 'lê', 'mina', 'amiga', 'namorada', 'gata', 'sina', 'condomínio', 'musa', 'vida', 'monalisa', 'vênus', 'deusa', 'quero', 'fascínio', 'bi']"
Amanhãnãosesabe,LSJack,"['folhas', 'vento', 'onde', 'vai', 'dar', 'firmamento', 'toda', 'hora', 'enquanto', 'tempo', 'vivo', 'aqui', 'neste', 'momento', 'hoje', 'aqui', 'amanhã', 'sabe', 'vivo', 'agora', 'ante', 'dia', 'acabe', 'neste', 'instante', 'nunca', 'tarde', 'mal', 'começou', 'saudade', 'abraça', 'aceita', 'aceita', 'assim', 'amor', 'abraça', 'beija', 'aceita', 'assim', 'deixa', 'ser', 'ondas', 'maré', 'onde', 'vai', 'dar', 'pé', 'neste', 'instante', 'tal', 'vivo', 'aqui', 'deus', 'quiser', 'hoje', 'aqui', 'importa', 'pra', 'onde', 'vamos', 'vivo', 'agora', 'outros', 'plano', 'tão', 'fácil', 'viver', 'sonhando', 'enquanto', 'vida', 'vai', 'passando', 'abraça', 'aceita', 'aceita', 'assim', 'amor', 'abraça', 'beija', 'aceita', 'assim', 'deixa', 'ser', 'abraça', 'aceita', 'aceita', 'assim', 'amor', 'abraça', 'beija', 'aceita', 'assim', 'deixa', 'ser']"
ChoramAsRosas,BrunoeMarrone,"['choram', 'rosa', 'perfume', 'agora', 'transforma', 'lágrimas', 'sinto', 'tão', 'perdido', 'choram', 'rosa', 'chora', 'alma', 'pássaro', 'asas', 'machucadas', 'sonhos', 'procuro', 'chora', ""minh'alma"", 'lágrimas', 'invadem', 'coração', 'lágrimas', 'palavras', 'alma', 'lágrimas', 'pura', 'linguagem', 'amor', 'choram', 'rosa', 'porque', 'quero', 'estar', 'aqui', 'perfume', 'porque', 'sei', 'perdi', 'outras', 'coisas', 'choro', 'ti', 'falta', 'cheiro', 'sentia', 'abraçava', 'corpo', 'beijo', 'tudo', 'graça', 'lágrimas', 'invadem', 'coração', 'lágrimas', 'palavras', 'alma', 'lágrimas', 'pura', 'linguagem', 'amor', 'choram', 'rosa', 'porque', 'quero', 'estar', 'aqui', 'perfume', 'porque', 'sei', 'perdi', 'outras', 'coisas', 'choro', 'ti', 'fonte', 'site', 'oficial']"
LigaçãoUrbana,BrunoeMarrone,"['alô', 'amor', 'tô', 'ligando', 'orelhão', 'tá', 'barulho', 'confusão', 'preciso', 'tanto', 'falar', 'seis', 'tô', 'esperando', 'lugar', 'poi', 'louco', 'pra', 'encontrar', 'pra', 'outra', 'noite', 'aventura', 'fiz', 'amor', 'brincadeira', 'acabei', 'apaixonando', 'amor', 'rendo', 'poi', 'amando', 'deixou', 'mim', 'saudade', 'jeito', 'fazer', 'paixão', 'fez', 'maravilhas', 'loucuras', 'coração', 'beijo', 'pra', 'posso', 'demorar', 'tô', 'ligação', 'urbana', 'gente', 'pra', 'ligar', 'beijo', 'pra', 'posso', 'demorar', 'tô', 'ligação', 'urbana', 'vem', 'correndo', 'encontrar', 'alô', 'amor', 'tô', 'ligando', 'orelhão', 'tá', 'barulho', 'confusão', 'preciso', 'tanto', 'falar', 'seis', 'tô', 'esperando', 'lugar', 'poi', 'louco', 'pra', 'encontrar', 'pra', 'outra', 'noite', 'aventura', 'fiz', 'amor', 'brincadeira', 'acabei', 'apaixonando', 'amor', 'rendo', 'poi', 'amando', 'deixou', 'mim', 'saudade', 'jeito', 'fazer', 'paixão', 'fez', 'maravilhas', 'loucuras', 'coração', 'beijo', 'pra', 'posso', 'demorar', 'tô', 'ligação', 'urbana', 'gente', 'pra', 'ligar', 'beijo', 'pra', 'posso', 'demorar', 'tô', 'ligação', 'urbana', 'vem', 'correndo', 'encontrar', 'beijo', 'pra', 'posso', 'demorar', 'tô', 'ligação', 'urbana', 'gente', 'pra', 'ligar', 'beijo', 'pra', 'posso', 'demorar', 'tô', 'ligação', 'urbana', 'vem', 'correndo', 'encontrar', 'uô', 'uô', 'uô', 'uô', 'tô', 'louco', 'pra', 'amar', 'uô', 'uô', 'uô', 'uô', 'vem', 'correndo', 'encontrar', 'uô', 'uô', 'uô', 'uô', 'tô', 'louco', 'pra', 'amar', 'uô', 'uô', 'uô', 'uô', 'vem', 'correndo', 'encontrar', 'alô', 'amor']"
Borboletas,VictoreLeo,"['percebo', 'tempo', 'passa', 'diz', 'graça', 'amar', 'assim', 'tudo', 'tão', 'bonito', 'voou', 'pro', 'infinito', 'parecido', 'borboletas', 'jardim', 'agora', 'volta', 'balança', 'sentia', 'outro', 'alguém', 'dividido', 'doi', 'mundos', 'sei', 'amando', 'ainda', 'sei', 'sei', 'dizer', 'mudou', 'nada', 'igual', 'noite', 'estranha', 'gente', 'estranha', 'fica', 'mal', 'tenta', 'provar', 'tudo', 'morreu', 'borboletas', 'sempre', 'voltam', 'jardim']"
Epitáfio,Titãs,"['devia', 'ter', 'amado', 'ter', 'chorado', 'ter', 'visto', 'sol', 'nascer', 'devia', 'ter', 'arriscado', 'errado', 'ter', 'feito', 'queria', 'fazer', 'queria', 'ter', 'aceitado', 'pessoas', 'cada', 'sabe', 'alegria', 'dor', 'traz', 'coração', 'acaso', 'vai', 'proteger', 'enquanto', 'andar', 'distraído', 'acaso', 'vai', 'proteger', 'enquanto', 'andar', 'devia', 'ter', 'complicado', 'menos', 'trabalhado', 'menos', 'ter', 'visto', 'sol', 'pôr', 'devia', 'ter', 'importado', 'menos', 'problemas', 'pequenos', 'ter', 'morrido', 'amor', 'queria', 'ter', 'aceitado', 'vida', 'cada', 'cabe', 'alegrias', 'tristeza', 'vier', 'acaso', 'vai', 'proteger', 'enquanto', 'andar', 'distraído', 'acaso', 'vai', 'proteger', 'enquanto', 'andar', 'devia', 'ter', 'complicado', 'menos', 'trabalhado', 'menos', 'ter', 'visto', 'sol', 'pôr']"
PraSempre,ZezéDiCamargoeLuciano,"['vai', 'longe', 'longe', 'vai', 'diz', 'pra', 'onde', 'vai', 'faz', 'vontade', 'saudade', 'dia', 'vai', 'passar', 'vai', 'segue', 'horizonte', 'vai', 'onde', 'dor', 'esconde', 'vai', 'felicidade', 'deve', 'ser', 'apenas', 'lugar', 'faz', 'desfaz', 'finge', 'ama', 'nada', 'vou', 'ficar', 'olhando', 'madrugadas', 'esperar', 'voltar', 'importa', 'lugar', 'pra', 'onde', 'preciso', 'acreditar', 'ainda', 'existe', 'amor', 'gente', 'gente', 'importa', 'quanto', 'tempo', 'esperar', 'coração', 'aprenda', 'perdoar', 'pra', 'sempre', 'pra', 'sempre']"
VocêSempreSerá,MarjorieEstiano,"['lua', 'tentar', 'encontrar', 'diga', 'perdi', 'neblina', 'cobre', 'mar', 'deixa', 'ver', 'partir', 'instante', 'olhar', 'vi', 'sol', 'acordar', 'trás', 'sorriso', 'fazendo', 'lembrar', 'posso', 'tentar', 'esquecer', 'sempre', 'onda', 'arrasta', 'lev', 'pro', 'mar', 'sinto', 'calma', 'volta', 'mim', 'vento', 'vem', 'perturbar', 'envolve', 'lev', 'daqui', 'afoga', 'novo', 'mar', 'instante', 'olhar', 'vi', 'sol', 'acordar', 'detrás', 'sorriso', 'fazendo', 'lembrar', 'posso', 'tentar', 'esquecer', 'sempre', 'onda', 'arrasta', 'lev', 'pro', 'mar', 'perco', 'olhos', 'mergulho', 'pensar', 'voltarei', 'posso', 'tentar', 'esquecer', 'sempre', 'onda', 'arrasta', 'lev', 'pro', 'mar', 'laia', 'laralai', 'laralaia', 'envolve', 'lev', 'pra', 'longe', 'daqui', 'perco', 'olhos', 'mergulho', 'pensar', 'voltarei', 'voltarei']"
Porteamarassim,MarloneMaicon,"['ficou', 'mim', 'dentro', 'alma', 'feito', 'tempestade', 'nunca', 'acalma', 'amor', 'pegou', 'jeito', 'inesperado', 'nome', 'grito', 'preso', 'garganta', 'vendo', 'acompanhada', 'parecendo', 'santa', 'querendo', 'ser', 'lado', 'jeito', 'quiser', 'assim', 'toda', 'vida', 'esperar', 'ficarei', 'guardado', 'neste', 'sentimento', 'amar', 'assim', 'felicidade', 'castigo', 'tanto', 'amor', 'pra', 'mim', 'proibido', 'morrendo', 'poucos', 'sonhar', 'contigo', 'amar', 'assim', 'desejo', 'boca', 'poder', 'beijá-la', 'desejo', 'pele', 'poder', 'toca-la', 'queimo', 'vontade', 'cada', 'madrugada', 'amar', 'assim', 'amar', 'assim', 'amar', 'assim', 'vou', 'caminhando', 'corda', 'bamba', 'sigo', 'marcas', 'feito', 'sombra', 'preso', 'nesse', 'amor', 'quero', 'noite', 'dia', 'tempo', 'vai', 'passando', 'vento', 'forte', 'aqui', 'largado', 'própria', 'sorte', 'contando', 'segundos', 'pra', 'ser', 'jeito', 'quiser', 'assim', 'toda', 'vida', 'esperar', 'ficarei', 'guardado', 'neste', 'sentimento', 'amar', 'assim', 'felicidade', 'castigo', 'tanto', 'amor', 'pra', 'mim', 'proibido', 'morrendo', 'poucos', 'sonhar', 'contigo', 'amar', 'assim', 'desejo', 'boca', 'poder', 'beijá-la', 'desejo', 'pele', 'poder', 'tocá-la', 'queimo', 'vontade', 'cada', 'madrugada', 'amar', 'assim', 'amar', 'assim', 'amar', 'assim']"
TemQueSerVocê,VictoreLeo,"['dia', 'pés', 'vão', 'levar', 'onde', 'mãos', 'podem', 'chegar', 'lev', 'onde', 'estarei', 'amor', 'agora', 'hora', 'dizer', 'dizer', 'hoje', 'amo', 'vou', 'negar', 'outra', 'pessoa', 'servirá', 'ser', 'pra', 'ser', 'ser', 'necessário', 'entender', 'lev', 'onde', 'estarei', 'amor', 'agora', 'hora', 'dizer', '[', 'refrão', ']', 'hoje', 'amo', 'vou', 'negar', 'outra', 'pessoa', 'servirá', 'ser', 'pra', 'ser', 'ser', 'necessário', 'entender']"
NãoResistoaNósDois,WanessaCamargo,"['gosto', 'penso', 'respiro', 'tento', 'esquecer', 'deixar', 'pra', 'lá', 'consigo', 'dá', 'sonhos', 'perdidos', 'saem', 'coração', 'vem', 'diga', 'ver', 'pra', 'enlouquecer', 'faço', 'tudo', 'quer', 'vou', 'arrepender', 'resisto', 'doi', 'oh', 'ver', 'pra', 'enlouquecer', 'faço', 'tudo', 'quer', 'vou', 'arrepender', 'resisto', 'doi', 'oh', 'mel', 'sal', 'bem', 'mal', 'deixa', 'sono', 'ter', 'pra', 'mim', 'fico', 'meio', 'assim', 'feito', 'cãozinho', 'dono', 'sonhos', 'perdidos', 'saem', 'coração', 'vem', 'diga', 'ver', 'pra', 'enlouquecer', 'faço', 'tudo', 'quer', 'vou', 'arrepender', 'resisto', 'doi', 'oh', 'ver', 'pra', 'enlouquecer', 'faço', 'tudo', 'quer', 'vou', 'arrepender', 'resisto', 'doi', 'oh', 'condenei', 'ser', 'perdoei', 'amor', 'ver', 'pra', 'enlouquecer', 'faço', 'tudo', 'quer', 'vou', 'arrepender', 'resisto', 'doi', 'oh', 'ver', 'pra', 'enlouquecer', 'faço', 'tudo', 'quer', 'vou', 'arrepender', 'resisto', 'doi', 'oh', 'doi', 'oh', 'oh']"
Carla,LSJack,"['cheguei', 'deixar', 'vestígios', 'pra', 'achar', 'assim', 'entreguei', 'coração', 'devagar', 'tentei', 'roubar', 'poucos', 'pra', 'notar', 'guardei', 'onde', 'ninguém', 'vai', 'tirar', 'fundo', 'olhos', 'olhos', 'pra', 'dentro', 'memória', 'levei', 'amor', 'tentou', 'oh', 'carla', 'amei', 'jamais', 'outro', 'alguém', 'vai', 'amar', 'ante', 'sol', 'pudesse', 'acordar', 'amei', 'oh', 'carla', 'x2', '[', 'ob', 'tudo', 'acima', 'duas', 'vezes', ']', 'fundo', 'olhos', 'olhos', 'pra', 'dentro', 'memória', 'levei', 'amor', 'tentou', 'oh', 'carla', 'amei', 'jamais', 'outro', 'alguém', 'vai', 'amar', 'ante', 'sol', 'pudesse', 'acordar', 'amei', 'oh', 'carla', 'x3']"
FazTempo,IveteSangalo,"['sabe', 'momento', 'exato', 'partir', 'quero', 'entregar', 'tão', 'cedo', 'amor', 'sent', 'conheci', 'tá', 'rolando', 'faz', 'tempo', 'vejo', 'brilho', 'olhos', 'pra', 'mim', 'sei', 'ainda', 'posso', 'fazer', 'feliz', 'cada', 'momento', 'passamos', 'juro', 'bom', 'tudo', 'acende', 'apaga', 'doce', 'acabou', 'penso', 'ir', 'embora', 'quer', 'dar', 'razão', 'diz', 'tô', 'jogando', 'amor', 'coração', 'fico', 'disfarçando', 'finjo', 'sei', 'pouco', 'tempo', 'rola', 'tudo', 'outra', 'vez']"
1Minuto,D’BlackeNegraLi,"['onde', 'quer', 'vá', 'vou', 'levar', 'pra', 'sempre', 'culpa', 'caminhos', 'tão', 'simple', 'vou', 'seguir', 'viajo', 'pensamento', 'estrada', 'ilusões', 'procuro', 'dentro', 'coração', 'toda', 'vez', 'fecho', 'olhos', 'pra', 'encontrar', 'distância', 'pode', 'separar', 'sinto', 'vai', 'passar', 'minuto', 'pouco', 'pra', 'poder', 'falar', 'distância', 'pode', 'separar', 'final', 'sei', 'vai', 'voltar', 'onde', 'quer', 'vá', 'vou', 'levar', 'pra', 'sempre', 'vida', 'continuum', 'caminhos', 'tão', 'simple', 'seguir', 'viajo', 'pensamentos', 'estrada', 'ilusões', 'procuro', 'dentro', 'coração', 'toda', 'vez', 'fecho', 'olhos', 'pra', 'encontrar', 'distância', 'pode', 'separar', 'sinto', 'vai', 'passar', 'sei', 'vai', 'passar', 'minuto', 'pouco', 'pra', 'poder', 'falar', 'distância', 'pode', 'separar', 'final', 'sei', 'coração', 'aonde', 'quer', 'vá', 'sempre', 'levarei', 'sorriso', 'olhar', 'olhar', 'toda', 'vez', 'fecho', 'olhos', 'pra', 'encontrar', 'distância', 'pode', 'separar', 'sinto', 'vai', 'passar', 'minuto', 'pouco', 'pra', 'poder', 'falar', 'distância', 'pode', 'separar', 'final', 'sei', 'vai', 'voltar']"
Eusei,PapasnaLíngua,"['sei', 'tudo', 'pode', 'acontecer', 'sei', 'amor', 'vai', 'morrer', 'vou', 'pedir', 'céus', 'aqui', 'comigo', 'vou', 'jogar', 'mar', 'flores', 'pra', 'encontrar', 'sei', 'porque', 'disse', 'adeus', 'guardei', 'beijo', 'deu', 'vou', 'pedir', 'céus', 'aqui', 'comigo', 'vou', 'jogar', 'mar', 'flores', 'pra', 'encontrar', 'you', 'say', 'goodbye', 'and', 'i', 'say', 'hello', 'you', 'say', 'goodbye', 'and', 'i', 'say', 'hello', 'sei', 'porque', 'disse', 'adeus', 'guardei', 'beijo', 'deu', 'vou', 'pedir', 'céus', 'aqui', 'comigo', 'vou', 'jogar', 'mar', 'flores', 'pra', 'encontrar', 'you', 'say', 'goodbye', 'and', 'i', 'say', 'hello', 'you', 'say', 'goodbye', 'and', 'i', 'say', 'hello']"
QuandoAChuvaPassar,IveteSangalo,"['chuva', 'passar', 'pra', 'quê', 'falar', 'quer', 'ouvir', 'fugir', 'agora', 'resolve', 'nada', 'vou', 'chorar', 'quiser', 'partir', 'vezes', 'distância', 'ajuda', 'tempestade', 'dia', 'vai', 'acabar', 'quero', 'lembrar', 'gente', 'andava', 'estrelas', 'horas', 'lindas', 'passamos', 'junto', 'gente', 'queria', 'amar', 'amar', 'hoje', 'certeza', 'história', 'termina', 'agora', 'porque', 'tempestade', 'dia', 'vai', 'acabar', 'refrão', 'chuva', 'passar', 'tempo', 'abrir', 'abra', 'janela', 'veja', 'sol', 'céu', 'mar', 'fim', 'amor', 'imensidão', 'quero', 'lembrar', 'gente', 'andava', 'estrelas', 'horas', 'lindas', 'passamos', 'junto', 'gente', 'queria', 'amar', 'amar', 'hoje', 'certeza', 'história', 'termina', 'agora', 'porque', 'tempestade', 'dia', 'vai', 'acabar', 'refrão']"
SorteGrande,IveteSangalo,"['sorte', 'grande', 'cair', 'céu', 'paixão', 'verdadeira', 'viver', 'emoção', 'ganhar', 'coração', 'pra', 'ser', 'feliz', 'vida', 'inteira', 'lindo', 'sorriso', 'brilho', 'olhos', 'anjo', 'querubim', 'doces', 'beijos', 'calor', 'braços', 'perfume', 'jasmim', 'chegou', 'espaço', 'mandando', 'pedaço', 'amor', 'brincadeira', 'pegou', 'deu', 'laço', 'dançou', 'bem', 'compasso', 'prazer', 'levantou', 'poeira', 'poeira', 'poeira', 'poeira', 'levantou', 'poeira', 'sorte', 'grande', 'cair', 'céu', 'paixão', 'verdadeira', 'viver', 'emoção', 'ganhar', 'coração', 'pra', 'ser', 'feliz', 'vida', 'inteira', 'lindo', 'sorriso', 'brilho', 'olhos', 'anjo', 'querubim', 'doces', 'beijos', 'calor', 'braços', 'perfume', 'jasmim', 'chegou', 'espaço', 'mandando', 'pedaço', 'amor', 'brincadeira', 'pegou', 'deu', 'laço', 'dançou', 'bem', 'compasso', 'prazer', 'levantou', 'poeira', 'poeira', 'poeira', 'poeira', 'levantou', 'poeira', 'chegou', 'espaço', 'mandando', 'pedaço', 'amor', 'brincadeira', 'pegou', 'deu', 'laço', 'dançou', 'bem', 'compasso', 'prazer', 'levantou', 'levantou', 'poeira', 'poeira', 'poeira', 'poeira', 'levantou', 'poeira']"
UmMinutoParaoFimdoMundo,CPM22,"['sinto', 'nunca', 'sentiu', 'assim', 'procurando', 'caminho', 'pra', 'seguir', 'direção', 'respostas', 'minuto', 'fim', 'mundo', 'toda', 'vida', 'segundos', 'volta', 'ponteiro', 'relógio', 'pra', 'viver', 'tempo', 'corre', 'contra', 'mim', 'sempre', 'assim', 'sempre', 'vai', 'ser', 'vivendo', 'apenas', 'pra', 'vencer', 'falta', 'faz', 'olhos', 'fechados', 'tento', 'esconder', 'dor', 'agora', 'favor', 'entenda', 'preciso', 'ir', 'embora', 'porque', 'sinto', 'mundo', 'acabar', 'perco', 'chão', 'sob', 'pés', 'falta', 'ar', 'pra', 'respirar', 'pensar', 'perder', 'segundo', 'sei', 'fim', 'mundo', 'volto', 'relógio', 'trás', 'tentando', 'adiar', 'fim', 'tentando', 'esconder', 'medo', 'perder', 'sinto', 'assim', 'olhos', 'fechados', 'tento', 'enganar', 'coração', 'fugir', 'pra', 'outro', 'lugar', 'outra', 'direção', 'porque', 'sinto', 'mundo', 'acabar', 'perco', 'chão', 'sob', 'pés', 'falta', 'ar', 'pra', 'respirar', 'pensar', 'perder', 'segundo', 'sei', 'fim', 'mundo']"
VouTeProcurar,OsTravessos,"['hoje', 'casal', 'fez', 'lembrar', 'doi', 'daquele', 'tempo', 'bom', 'tempo', 'amor', 'coração', 'paro', 'pensar', 'canção', 'lá', 'chuva', 'cai', 'vejo', 'olhar', 'agüento', 'ficar', 'ver', 'lá', 'chuva', 'cai', 'vejo', 'olhar', 'agüento', 'ficar', 'ver', 'vou', 'procurar', 'aonde', 'acabar', 'vez', 'dor', 'fim', 'arco-íris', 'vai', 'estar', 'toda', 'paz', 'amor', 'hoje', 'casal', 'fez', 'lembrar', 'doi', 'daquele', 'tempo', 'bom', 'tempo', 'amor', 'lá', 'chuva', 'cai', 'vejo', 'olhar', 'agüento', 'ficar', 'ver', 'lá', 'chuva', 'cai', 'vejo', 'olhar', 'agüento', 'ficar', 'ver', 'vou', 'procurar', 'aonde', 'acabar', 'vez', 'dor', 'fim', 'arco-íris', 'vai', 'estar', 'toda', 'paz', 'amor', 'vou', 'procurar', 'aonde', 'acabar', 'vez', 'dor', 'fim', 'arco-íris', 'vai', 'estar', 'toda', 'paz', 'amor']"
PraMudarMinhaVida,ZezéDiCamargoeLuciano,"['queria', 'tanto', 'dizer', 'amo', 'amor', 'vida', 'engano', 'fingir', 'boca', 'morre', 'vontade', 'beijo', 'queria', 'esquecer', 'apenas', 'momento', 'nunca', 'consegui', 'tirar', 'pensamento', 'digo', 'devo', 'amar', 'coração', 'diz', 'quero', 'jeito', 'sempre', 'fiz', 'tudo', 'pra', 'apaixonar', 'dia', 'alguém', 'deixar', 'saudade', 'peito', 'agora', 'medo', 'agora', 'medo', 'chegou', 'deixou', 'saída', 'fez', 'querer', 'queria', 'fez', 'amar', 'dizia', 'acreditar', 'coração', 'grande', 'amor', 'sonhei', 'dia', 'chegou', 'dor', 'doía', 'encontrou', 'perdia', 'acho', 'deus', 'mandou', 'pra', 'mim', 'pra', 'recomeçar', 'fazer', 'feliz', 'toda', 'vida', 'sempre', 'fiz', 'tudo', 'pra', 'apaixonar', 'dia', 'alguém', 'deixar', 'saudade', 'peito', 'agora', 'medo', 'agora', 'medo', 'chegou', 'deixou', 'saída', 'fez', 'querer', 'queria', 'fez', 'amar', 'dizia', 'acreditar', 'coração', 'grande', 'amor', 'sonhei', 'dia', 'chegou', 'dor', 'doía', 'encontrou', 'perdia', 'acho', 'deus', 'mandou', 'pra', 'mim', 'pra', 'recomeçar', 'fazer', 'feliz', 'toda', 'vida']"
MinhaRazãodeViver,Araketu,"['digo', 'coração', 'volta', 'posso', 'convencer', 'amor', 'virou', 'ilusão', 'sobreviver', 'assim', 'dia', 'seguinte', 'fim', 'lugar', 'dor', 'vai', 'tomar', 'conta', 'mim', 'vai', 'abraçar', 'pedindo', 'pra', 'chorar', 'saudade', 'bater', 'entende', 'vou', 'conseguir', 'pode', 'partir', 'vou', 'deixar', 'mundo', 'pode', 'acabar', 'vou', 'acreditar', 'ninguém', 'nunca', 'vou', 'amar', 'quero', 'machucar', 'pra', 'dar', 'amor', 'coração', 'deixar', 'quero', 'sol', 'luar', 'pode', 'levar', 'razão', 'viver', 'porque', 'tudo', 'fiz', 'entregava', 'feliz', 'momento', 'amar', 'amar', 'lembra', 'dessa', 'paixão', 'pensa', 'quantas', 'noites', 'virão', 'toda', 'tão', 'vazias', 'mim', 'tudo', 'vai', 'virar', 'solidão', 'sobreviver', 'desta', 'dor', 'triste', 'perder', 'calor', 'dia', 'seguinte', 'fim', 'nunca', 'morro', 'amor']"
Extravasa,ClaudiaLeitte,"['dominou', 'geral', 'sacudiu', 'praça', 'venha', 'som', 'massa', 'rock', 'timbau', 'groove', 'cabaça', 'galera', 'embala', 'dominou', 'geral', 'sacudiu', 'praça', 'venha', 'som', 'massa', 'rock', 'timbau', 'groove', 'cabaça', 'galera', 'embala', 'ter', 'bola', 'rede', 'pra', 'dizer', 'gol', 'vem', 'dizer', 'todo', 'mundo', 'amor', 'ter', 'balada', 'pra', 'gente', 'dançar', 'ah', 'ah', 'extravasa', 'libera', 'joga', 'tudo', 'pro', 'ar', 'quero', 'ser', 'feliz', 'ante', 'nada', 'extravasa', 'libera', 'joga', 'tudo', 'pro', 'ar', 'ar', 'ar', 'ar', 'ar', 'ar', 'ar', 'bi', 'dominou', 'geral', 'sacudiu', 'praça', 'venha', 'som', 'massa', 'rock', 'timbau', 'groove', 'cabaça', 'galera', 'embala', 'ter', 'bola', 'rede', 'pra', 'dizer', 'gol', 'vem', 'dizer', 'todo', 'mundo', 'amor', 'ter', 'balada', 'pra', 'gente', 'dançar', 'ah', 'ah', 'extravasa', 'libera', 'joga', 'tudo', 'pro', 'ar', 'quero', 'ser', 'feliz', 'ante', 'nada', 'extravasa', 'libera', 'joga', 'tudo', 'pro', 'ar', 'ar', 'ar', 'ar', 'ar', 'ar', 'ar', 'ar', 'entusiasmo', 'movimento', 'atividade', 'balada', 'veloz', 'vento', 'cheio', 'dito', 'idéia', 'papo', 'reto', 'aumenta', 'som', 'dance', 'perto', 'chega', 'problema', 'quero', 'solução', 'ô', 'cale', 'boca', 'escute', 'voz', 'vem', 'coração', 'radicalizando', 'limite', 'hoje', 'dia', 'extravasar', 'irmão', 'ter', 'bola', 'rede', 'pra', 'dizer', 'gol', 'vem', 'dizer', 'todo', 'mundo', 'amor', 'ter', 'balada', 'pra', 'gente', 'dançar', 'ah', 'ah', 'ah', 'extravasa', 'libera', 'joga', 'tudo', 'pro', 'ar', 'quero', 'ser', 'feliz', 'ante', 'nada', 'extravasa', 'ê', 'libera', 'joga', 'tudo', 'pro', 'ar', 'ar', 'ar', 'ar', 'ar', 'ar', 'ar', 'extravasa', 'libera', 'joga', 'tudo', 'pro', 'ar', 'quero', 'ser', 'feliz', 'ser', 'feliz', 'ser', 'feliz', 'extravasa', 'ê', 'ê', 'libera', 'joga', 'tudo', 'pro', 'ar', 'pro', 'ar', 'pro', 'ar']"
Deixo,IveteSangalo,"['lembro', 'sempre', 'onde', 'quer', 'vá', 'pensamento', 'qualquer', 'lugar', 'penso', 'querer', 'encontrar', 'penso', 'querer', 'encontrar', 'lembro', 'daquele', 'beijo', 'deu', 'hoje', 'gravado', 'mim', 'noite', 'vem', 'fico', 'louca', 'pra', 'dormir', 'pra', 'ter', 'sonhos', 'falando', 'coisas', 'amor', 'sinto', 'perco', 'tempo', 'debaixo', 'cobertor', 'faria', 'tudo', 'pra', 'perder', 'assim', 'dia', 'vem', 'deixo', 'ir', 'deixo', 'ir', 'deixo', 'ir', 'deixo', 'ir', 'deixo', 'ir']"
