Music,Artist,Text,Unnamed: 3
HumildeResidência,MichelTeló,"['vou', 'esper', 'aqu', 'mas', 'vê', 'atend', 'telefon', 'cobr', 'hoj', 'vou', 'sair', 'porqu', 'carr', 'tá', 'quebr', 'tô', 'pod', 'gast', 'qu', 'cheg', 'aqu', 'me', 'dê', 'grit', 'lá', 'frent', 'vou', 'corr', 'busc', 'não', 'ninguém', 'aqu', 'mas', 'vou', 'deix', 'luz', 'aces', 'já', 'pass', 'celul', 'endereç', 'aquel', 'dia', 'vi', 'saí', 'cas', 'eu', 'tô', 'lig', 'sempr', 'deu', 'moral', 'até', 'diz', 'am', 'agor', 'tá', 'mud', 'form', 'faculdad', 'no', 'curs', 'cheg', 'metad', 'voc', 'tá', 'difer', 'vou', 'atrás', 'frent', 'tô', 'louc', 'pra', 'peg', 'vou', 'esper', 'na', 'humild', 'resid', 'pra', 'gent', 'faz', 'am', 'mas', 'peç', 'só', 'pouq', 'paci', 'cam', 'ta', 'quebr', 'cober']",
VidroFumê,BrunoeMarrone,"['foi', 'telefonem', 'anon', 'uma', 'voz', 'disfarç', 'me', 'fal', 'send', 'tra', 'eu', 'quil', 'acredit', 'pens', 'trot', 'mas', 'fund', 'peit', 'já', 'desconf', 'dess', 'sort', 'no', 'cal', 'moment', 'na', 'louc', 'pens', 'eu', 'atrás', 'busc', 'verdad', 'segred', 'sent', 'am', 'estremec', 'na', 'hor', 'vi', 'entr', 'num', 'carr', 'import', 'vidr', 'fum', 'qu', 'cheg', 'cas', 'eu', 'trat', 'natur', 'fiz', 'am', 'contig', 'noit', 'int', 'lent', 'foi', 'cançã', 'desped', 'foi', 'verdad', 'difer', 'foi', 'últ', 'noit', 'am', 'gent']",
AcordandooPrédio,LuanSantana,"['aond', 'par', 'juíz', 'já', 'manhã', 'daqu', 'pouc', 'lig', 'sínd', 'ser', 'moç', 'grit', 'baix', 'sei', 'tá', 'bom', 'pared', 'ouv', 'pra', 'ser', 'escond', 'já', 'vam', 'acord', 'prédi', 'faz', 'invej', 'pro', 'pov', 'enquant', 'tão', 'ind', 'trabalh', 'gent', 'faz', 'am', 'gost', 'nov', 'vam', 'acord', 'prédi', 'faz', 'invej', 'pro', 'pov', 'enquant', 'tão', 'ind', 'trabalh', 'gent', 'faz', 'am', 'gost', 'nov', 'de', 'nov', 'nov', 'deix', 'mund', 'sab', 'baby', 'problem', 'gent', 'resolv', 'né', 'porqu', 'desc', 'lua', 'desc', 'pra', 'ver', 'já', 'ganh', 'agor', 'lev', 'pra', 'aond', 'par', 'juíz', 'já', 'manhã', 'daqu', 'pouc', 'lig', 'sínd', 'ser', 'moç', 'grit', 'baix', 'sei', 'tá', 'bom', 'pared', 'ouv', 'pra', 'ser', 'escond', 'já', 'vam', 'acord', 'prédi', 'faz', 'invej', 'pro', 'pov', 'enquant', 'tão', 'ind', 'trabalh', 'gent', 'faz', 'am', 'gost', 'nov', 'vam', 'acord', 'prédi', 'faz', 'invej', 'pro', 'pov', 'enquant', 'tão', 'ind', 'trabalh', 'gent', 'faz', 'am', 'gost', 'nov', 'de', 'nov', 'nov', 'deix', 'mund', 'sab', 'baby', 'problem', 'gent', 'resolv', 'né', 'porqu', 'desc', 'lua', 'desc', 'pra', 'ver', 'já', 'ganh', 'agor', 'lev', 'pra']",
SeuPolícia,ZéNetoeCristiano,"['seu', 'políci', 'é', 'sep', 'recent', 'de', 'paix', 'tô', 'doent', 'ser', 'senh', 'entend', 'os', 'vi', 'tão', 'reclam', 'do', 'volum', 'som', 'mas', 'enquant', 'volt', 'eu', 'vou', 'continu', 'me', 'afog', 'álcool', 'o', 'som', 'carr', 'tal', 'mand', 'mult', 'vou', 'pag', 'mas', 'enquant', 'volt', 'sofr', 'mat', 'coraçã', 'pedaç', 'compreend', 'favor', 'o', 'am', 'deix', 'seu', 'políci', 'é', 'sep', 'recent', 'de', 'paix', 'tô', 'doent', 'ser', 'senh', 'entend', 'os', 'vi', 'tão', 'reclam', 'do', 'volum', 'som', 'mas', 'enquant', 'volt', 'eu', 'vou', 'continu', 'me', 'afog', 'álcool', 'o', 'som', 'carr', 'tal', 'mand', 'mult', 'vou', 'pag', 'mas', 'enquant', 'volt', 'sofr', 'mat', 'coraçã', 'pedaç', 'compreend', 'favor', 'o', 'am', 'deix', 'me', 'afog', 'álcool', 'o', 'som', 'carr', 'tal', 'mand', 'mult', 'vou', 'pag', 'mas', 'enquant', 'volt', 'sofr', 'mat', 'coraçã', 'pedaç', 'compreend', 'favor', 'o', 'am', 'deix']",
Escreveaí,LuanSantana,"['te', 'fal', 'tant', 'cois', 'enquant', 'tent', 'segur', 'lágr', 'que', 'insist', 'cair', 'entr', 'carr', 'abr', 'vidr', 'ant', 'ir', 'emb', 'dig', 'olh', 'aqu', 'aind', 'vou', 'esquec', 'escrev', 'aí', 'cheg', 'cas', 'dou', 'car', 'fot', 'uma', 'duch', 'vinh', 'pra', 'acalm', 'pens', 'vou', 'part', 'pra', 'outr', 'log', 'mas', 'tô', 'tent', 'engan', 'mas', 'tô', 'tent', 'engan', 'é', 'faz', 'assim', 'que', 'volt', 'é', 'faz', 'assim', 'que', 'volt', 'que', 'volt', 'é', 'amo', 'fal', 'car', 'se', 'tir', 'mim', 'não', 'sobr', 'nad', 'o', 'sorris', 'desmont', 'int', 'até', 'simpl', 'estal', 'ded', 'talv', 'deix', 'ir', 'pra', 'ter', 'gost', 'ver', 'aqu', 'frac', 'demal', 'continu', 'junt', 'forç', 'pra', 'pod', 'fal', 'que', 'volt', 'voc', 'sorr', 'que', 'volt', 'faz', 'assim', 'que', 'volt', 'que', 'volt', 'que', 'volt', 'cheg', 'cas', 'dou', 'car', 'fot', 'uma', 'duch', 'vinh', 'pra', 'acalm', 'pens', 'vou', 'part', 'pra', 'outr', 'log', 'mas', 'tô', 'tent', 'engan', 'mas', 'tô', 'tent', 'engan', 'é', 'faz', 'assim', 'que', 'volt', 'é', 'faz', 'assim', 'que', 'volt', 'que', 'volt', 'é', 'amo', 'fal', 'car', 'se', 'tir', 'mim', 'não', 'sobr', 'nad', 'o', 'sorris', 'desmont', 'int', 'até', 'simpl', 'estal', 'ded', 'talv', 'deix', 'ir', 'pra', 'ter', 'gost', 'ver', 'aqu', 'frac', 'demal', 'continu', 'junt', 'forç', 'pra', 'pod', 'fal', 'que', 'volt', 'voc', 'sorr', 'que', 'volt', 'faz', 'assim', 'que', 'volt', 'faz', 'assim', 'que', 'volt', 'que', 'volt', 'que', 'volt']",
ApelidoCarinhoso,GusttavoLima,"['am', 'segred', 'gent', 'que', 'términ', 'recent', 'arrum', 'revir', 'sent', 'pend', 'que', 'insist', 'bagunç', 'ment', 'vai', 'pass', 'dia', 'aind', 'pass', 'eu', 'sei', 'pod', 'ter', 'escolh', 'alguém', 'menos', 'complic', 'que', 'pres', 'pesso', 'pass', 'aceit', 'situ', 'prov', 'am', 'mas', 'precis', 'faç', 'favor', 'aind', 'cham', 'neg', 'aind', 'cham', 'bebê', 'porqu', 'assim', 'cham', 'apel', 'carinh', 'é', 'difícil', 'esquec']",
CemMil,GusttavoLima,"['não', 'fal', 'nom', 'não', 'telefon', 'por', 'favor', 'pergunt', 'mim', 'vê', 'esquec', 'som', 'se', 'ver', 'long', 'vir', 'car', 'finj', 'vi', 'mas', 'vou', 'ment', 'tá', 'doend', 'lá', 'fund', 'sem', 'consig', 'dorm', 'vam', 'faz', 'assim', 'melhor', 'procur', 'porqu', 'morr', 'med', 'perdo', 'eu', 'tô', 'fal', 'mal', 'iê', 'que', 'nunc', 'soub', 'faz', 'iê', 'cem', 'mil', 'quis', 'apost', 'se', 'bat', 'ded', 'volt', 'ela', 'val', 'real', 'mas', 'ador']",
Pravocê,PaulaFernandes,"['eu', 'quer', 'ser', 'pra', 'alegr', 'cheg', 'cl', 'traz', 'dia', 'ilumin', 'sac', 'eu', 'quer', 'ser', 'pra', 'confianç', 'faz', 'te', 'faz', 'sonh', 'tod', 'dia', 'sab', 'pod', 'eu', 'quer', 'ser', 'lad', 'encontr', 'inesper', 'o', 'arrepi', 'beij', 'bom', 'eu', 'quer', 'ser', 'paz', 'melod', 'capaz', 'de', 'faz', 'danç', 'eu', 'quer', 'ser', 'pra', 'lua', 'ilumin', 'sol', 'quer', 'acord', 'tod', 'dia', 'pra', 'faz', 'tod', 'am', 'eu', 'quer', 'ser', 'pra', 'braç', 'abert', 'envolv', 'cad', 'nov', 'sorris', 'ser', 'feliz', 'am', 'se', 'viv', 'pra', 'se', 'cant', 'pra', 'pra']",
CêTopa,LuanSantana,"['já', 'pens', 'gent', 'um', 'pouc', 'ous', 'ness', 'lanc', 'já', 'pens', 'transform', 'noss', 'amizad', 'lind', 'romanc', 'prest', 'atenç', 'tud', 'gent', 'faz', 'já', 'feliz', 'muit', 'casal', 'desapeg', 'med', 'deix', 'acontec', 'eu', 'propost', 'faz', 'escut', 'aqu', 'eu', 'doi', 'filh', 'cachorr', 'um', 'edredom', 'film', 'bom', 'fri', 'agost', 'ai', 'cê', 'top', 'eu', 'doi', 'filh', 'cachorr', 'um', 'edredom', 'film', 'bom', 'fri', 'agost', 'diz', 'aí', 'cê', 'top', 'prest', 'atenç', 'tud', 'gent', 'faz', 'já', 'feliz', 'muit', 'casal', 'desapeg', 'med', 'deix', 'acontec', 'eu', 'propost', 'faz', 'eu', 'doi', 'filh', 'cachorr', 'um', 'edredom', 'film', 'bom', 'fri', 'agost', 'ai', 'cê', 'top', 'eu', 'doi', 'filh', 'cachorr', 'um', 'edredom', 'film', 'bom', 'fri', 'agost', 'diz', 'aí', 'cê', 'top']",
Assimvocêmataopapai,SorrisoMaroto,"['ai', 'ai', 'ai', 'ai', 'ai', 'ai', 'ai', 'ai', 'ai', 'ai', 'ai', 'ai', 'ai', 'ess', 'min', 'tá', 'olh', 'ach', 'tá', 'dand', 'mol', 'ela', 'tá', 'provoc', 'faz', 'temp', 'iss', 'vai', 'prest', 'vai', 'ela', 'maravilh', 'tem', 'sorris', 'marot', 'o', 'tá', 'quer', 'vou', 'cham', 'pra', 'danç', 'vem', 'cá', 'mulh', 'vem', 'cá', 'danç', 'comig', 'agarr', 'vem', 'cá', 'que', 'vai', 'gost', 'ah', 'vai', 'iss', 'assim', 'vem', 'pra', 'mim', 'que', 'delíc', 'tá', 'gost', 'demal', 'iss', 'vai', 'prest', 'beij', 'boc', 'ai', 'ai', 'ai', 'ai', 'ai', 'ai', 'assim', 'mat', 'pap', 'ai', 'ai', 'ai', 'ai', 'boc', 'gost', 'quer', 'ai', 'ai', 'ai', 'ai', 'ai', 'ai', 'assim', 'mat', 'pap', 'ai', 'ai', 'ai', 'ai', 'tá', 'cheir', 'demal', 'ess', 'min', 'tá', 'olh', 'ach', 'tá', 'dand', 'mol', 'ela', 'tá', 'provoc', 'faz', 'temp', 'iss', 'vai', 'prest', 'vai', 'ela', 'maravilh', 'tem', 'sorris', 'marot', 'o', 'tá', 'quer', 'vou', 'cham', 'pra', 'danç', 'vem', 'cá', 'mulh', 'vem', 'cá', 'danç', 'comig', 'agarr', 'vem', 'cá', 'que', 'vai', 'gost', 'ah', 'vai', 'iss', 'assim', 'vem', 'pra', 'mim', 'que', 'delíc', 'tá', 'gost', 'demal', 'iss', 'vai', 'prest', 'beij', 'boc', 'ai', 'ai', 'ai', 'ai', 'ai', 'ai', 'assim', 'mat', 'pap', 'ai', 'ai', 'ai', 'ai', 'boc', 'gost', 'quer', 'ai', 'ai', 'ai', 'ai', 'ai', 'ai', 'assim', 'mat', 'pap', 'ai', 'ai', 'ai', 'ai', 'tá', 'cheir', 'demal']",
Teesperando,LuanSantana,"['mesm', 'cai', 'cant', 'mesm', 'conheç', 'outr', 'car', 'na', 'fil', 'banc', 'um', 'tal', 'fern', 'um', 'lanc', 'assim', 'sem', 'graç', 'mesm', 'fiqu', 'gost', 'mesm', 'cas', 'am', 'seil', 'mes', 'um', 'olh', 'pro', 'outr', 'aí', 'poi', 'sei', 'lá', 'mesm', 'suport', 'cas', 'por', 'caus', 'filh', 'temp', 'dez', 'vint', 'trint', 'ano', 'até', 'assust', 'cabel', 'branc', 'um', 'dia', 'vai', 'sent', 'cade', 'balanç', 'vai', 'lembr', 'temp', 'vint', 'ano', 'vai', 'lembr', 'mim', 'pergunt', 'por', 'ond', 'car', 'dev', 'est', 'vou', 'est', 'esper', 'nem', 'velh', 'gag', 'com', 'novent', 'viúv', 'so', 'não', 'vou', 'import', 'vou', 'lig', 'cham', 'pra', 'sair', 'namor', 'sof', 'nem', 'além', 'dess', 'vid', 'eu', 'vou', 'est', 'te', 'esper', 'mesm', 'cai', 'cant', 'mesm', 'conheç', 'outr', 'car', 'na', 'fil', 'banc', 'um', 'tal', 'fern', 'um', 'lanc', 'assim', 'sem', 'graç', 'mesm', 'fiqu', 'gost', 'mesm', 'cas', 'am', 'seil', 'mes', 'um', 'olh', 'pro', 'outr', 'aí', 'poi', 'sei', 'lá', 'mesm', 'suport', 'cas', 'por', 'caus', 'filh', 'temp', 'dez', 'vint', 'trint', 'ano', 'até', 'assust', 'cabel', 'branc', 'um', 'dia', 'vai', 'sent', 'cade', 'balanç', 'vai', 'lembr', 'temp', 'vint', 'ano', 'vai', 'lembr', 'mim', 'pergunt', 'por', 'ond', 'car', 'dev', 'est', 'vou', 'est', 'esper', 'nem', 'velh', 'gag', 'com', 'novent', 'viúv', 'so', 'não', 'vou', 'import', 'vou', 'lig', 'cham', 'pra', 'sair', 'namor', 'sof', 'nem', 'além', 'dess', 'vid', 'eu', 'vou', 'est', 'te', 'esper', 'nem', 'velh', 'gag', 'com', 'novent', 'viúv', 'so', 'não', 'vou', 'import', 'vou', 'lig', 'cham', 'pra', 'sair', 'namor', 'sof', 'nem', 'além', 'dess', 'vid', 'eu', 'vou', 'est', 'te', 'esper', 'te', 'esper']",
Vidinhadebalada,HenriqueeJuliano,"['oi', 'tud', 'bem', 'que', 'bom', 'ver', 'gent', 'fic', 'coraçã', 'gost', 'deu', 'pra', 'esquec', 'desculp', 'visit', 'vim', 'fal', 'tô', 'afim', 'cê', 'vai', 'ter', 'fic', 'eu', 'vim', 'acab', 'vid', 'bal', 'dar', 'outr', 'gost', 'pra', 'boc', 'ressac', 'refr', 'vai', 'namor', 'comig', 'sim', 'vai', 'mim', 'igual', 'doi', 'se', 'reclam', 'cê', 'vai', 'cas', 'comunh', 'bem', 'seu', 'coraçã', 'vai', 'namor', 'comig', 'sim', 'vai', 'mim', 'igual', 'doi', 'se', 'reclam', 'cê', 'vai', 'cas', 'comunh', 'bem', 'seu', 'coraçã', 'vai', 'namor', 'comig', 'sim']",
Infiel,MaríliaMendonça,"['iss', 'disput', 'quer', 'provoc', 'descobr', 'faz', 'ano', 'tô', 'procur', 'pra', 'diz', 'hoj', 'fars', 'vai', 'acab', 'hoj', 'hor', 'ir', 'emb', 'hoj', 'vai', 'fic', 'no', 'moment', 'dev', 'est', 'feliz', 'ach', 'ganh', 'não', 'perd', 'nad', 'acab', 'livr', 'com', 'cert', 'vai', 'atrás', 'mas', 'outr', 'intenç', 'tá', 'cas', 'rum', 'únic', 'opç', 'agor', 'aguent', 'barr', 'so', 'se', 'sab', 'tud', 'se', 'vir', 'culp', 'o', 'prêmi', 'val', 'nad', 'est', 'entreg', 'pu', 'mal', 'lá', 'aind', 'saiu', 'chor', 'ess', 'compet', 'am', 'serv', 'pra', 'machuc', 'tá', 'mão', 'voc', 'agor', 'vai', 'cuid', 'trai', 'me', 'faç', 'favor', 'iêê', 'infiel', 'eu', 'quer', 'ver', 'mor', 'motel', 'est', 'expuls', 'coraçã', 'assum', 'consequ', 'dess', 'tra', 'iêê', 'infiel', 'agor', 'vai', 'faz', 'papel', 'daqu', 'temp', 'vai', 'acostum', 'ai', 'vai', 'ser', 'vai', 'engan', 'voc', 'vai', 'mud', 'aaa', 'o', 'prêmi', 'val', 'nad', 'est', 'entreg', 'pu', 'mal', 'lá', 'aind', 'saiu', 'chor', 'ess', 'compet', 'am', 'serv', 'pra', 'machuc', 'tá', 'mão', 'voc', 'agor', 'vai', 'cuid', 'trai', 'me', 'faç', 'favor', 'iêê', 'infiel', 'eu', 'quer', 'ver', 'mor', 'motel', 'est', 'expuls', 'coraçã', 'assum', 'consequ', 'dess', 'tra', 'iêê', 'infiel', 'agor', 'vai', 'faz', 'papel', 'daqu', 'temp', 'vai', 'acostum', 'ai', 'vai', 'ser', 'vai', 'engan']",
Atrasadinha,FelipeAraújoeFerrugem,"['bot', 'melhor', 'roup', 'pra', 'escond', 'defeit', 'exag', 'perfum', 'pra', 'impress', 'cheg', 'ced', 'pra', 'ver', 'cheg', 'cheg', 'atras', 'tav', 'lind', 'boc', 'cal', 'mas', 'coraçã', 'grit', 'cim', 'vai', 'fé', 'apost', 'nel', 'que', 'boa', 'menin', 'vam', 'pul', 'part', 'peç', 'vinh', 'bom', 'taç', 'merec', 'tir', 'batom', 'deix', 'comig', 'pra', 'dom', 'vam', 'pul', 'part', 'peç', 'vinh', 'bom', 'taç', 'merec', 'tir', 'batom', 'deix', 'comig', 'pra', 'dom', 'daí', 'prim', 'encontr', 'hoj', 'beij', 'pront', 'oh', 'oh', 'cheg', 'atras', 'tav', 'lind', 'boc', 'cal', 'mas', 'coraçã', 'grit', 'cim', 'vai', 'fé', 'apost', 'nel', 'que', 'boa', 'menin', 'vam', 'pul', 'part', 'peç', 'vinh', 'bom', 'taç', 'merec', 'tir', 'batom', 'deix', 'comig', 'pra', 'dom', 'vam', 'pul', 'part', 'peç', 'vinh', 'bom', 'taç', 'merec', 'tir', 'batom', 'deix', 'comig', 'pra', 'dom', 'vam', 'pul', 'part', 'peç', 'vinh', 'bom', 'taç', 'merec', 'tir', 'batom', 'deix', 'comig', 'pra', 'dom', 'daí', 'prim', 'encontr', 'hoj', 'beij', 'pront', 'hoj', 'beij', 'pront', 'uh', 'uh', 'uh', 'uh', 'uh', 'uh', 'uh', 'uh', 'uh', 'hoj', 'beij', 'pront']",
Largadoástraças,ZéNetoeCristiano,"['meu', 'orgulh', 'caiu', 'qu', 'sub', 'álcool', 'ai', 'deu', 'ruim', 'pra', 'mim', 'pra', 'pior', 'tá', 'toc', 'mod', 'arrast', 'o', 'chifr', 'asfalt', 'tô', 'tent', 'esquec', 'mas', 'coraçã', 'entend', 'de', 'nov', 'fech', 'bar', 'afog', 'saudad', 'num', 'querosen', 'vou', 'beij', 'cop', 'abraç', 'garraf', 'solid', 'companh', 'ness', 'risc', 'fac', 'enquant', 'cê', 'volt', 'eu', 'tô', 'larg', 'traç', 'maldit', 'sent', 'que', 'nunc', 'acab', 'vou', 'beij', 'cop', 'abraç', 'garraf', 'solid', 'companh', 'ness', 'risc', 'fac', 'enquant', 'cê', 'volt', 'eu', 'tô', 'larg', 'traç', 'maldit', 'sent', 'que', 'nunc', 'acab', 'ooo', 'ooo', 'falt', 'beb', 'ameniz', 'ooo', 'ooo', 'tô', 'tent', 'apag', 'fog', 'gasolin', 'meu', 'orgulh', 'caiu', 'qu', 'sub', 'álcool', 'ai', 'deu', 'ruim', 'pra', 'mim', 'pra', 'pior', 'tá', 'toc', 'mod', 'arrast', 'o', 'chifr', 'asfalt', 'tô', 'tent', 'esquec', 'mas', 'coraçã', 'perceb', 'de', 'nov', 'fech', 'bar', 'afog', 'saudad', 'num', 'querosen', 'vou', 'beij', 'cop', 'abraç', 'garraf', 'solid', 'companh', 'ness', 'risc', 'fac', 'enquant', 'cê', 'volt', 'eu', 'tô', 'larg', 'traç', 'maldit', 'sent', 'que', 'nunc', 'acab', 'vou', 'beij', 'cop', 'abraç', 'garraf', 'solid', 'companh', 'ness', 'risc', 'fac', 'enquant', 'cê', 'volt', 'eu', 'tô', 'larg', 'traç', 'maldit', 'sent', 'que', 'nunc', 'acab', 'ooo', 'ooo', 'falt', 'beb', 'ameniz', 'ooo', 'ooo', 'tô', 'tent', 'apag', 'fog', 'gasolin', 'ooo', 'ooo', 'falt', 'beb', 'ameniz', 'ooo', 'ooo', 'tô', 'tent', 'apag', 'fog', 'gasolin']",
AmarnãoéPecado,LuanSantana,"['eu', 'sei', 'ond', 'vem', 'ess', 'forç', 'lev', 'pra', 'eu', 'sei', 'faz', 'bem', 'mas', 'confess', 'fund', 'duvid', 'tiv', 'med', 'segred', 'guard', 'sent', 'sufoq', 'mas', 'agor', 'hor', 'vou', 'grit', 'pra', 'tod', 'mund', 'vez', 'eu', 'tô', 'apaixon', 'eu', 'tô', 'cont', 'tud', 'tô', 'lig', 'pro', 'vão', 'diz', 'am', 'pec', 'err', 'que', 'dan', 'mund', 'eu', 'quer']",
Os10MandamentosdoAmor,EduardoCosta,"['os', 'dez', 'mand', 'am', 'par', 'conquist', 'mulh', 'ter', 'car', 'ter', 'jeit', 'tem', 'dar', 'qu', 'prim', 'tud', 'começ', 'paqu', 'o', 'olh', 'bem', 'dentr', 'olh', 'jeit', 'tir', 'danç', 'danc', 'maci', 'pra', 'aconcheg', 'segund', 'pap', 'derrub', 'avi', 'suav', 'peg', 'mão', 'terc', 'cheir', 'pra', 'sent', 'perfum', 'olh', 'outr', 'pra', 'sent', 'ciúm', 'o', 'quart', 'brinc', 'escur', 'ser', 'lob', 'mau', 'chapeu', 'o', 'quint', 'ser', 'bem', 'saf', 'prest', 'atenç', 'agor', 'ao', 'sext', 'mand', 'ela', 'vai', 'esquec', 'moment', 'repit', 'dos', 'sent', 'gost', 'na', 'hor', 'h', 'cham', 'am', 'sét', 'toqu', 'fal', 'paix', 'fal', 'soment', 'cois', 'coraçã', 'oitav', 'mand', 'diz', 'jur', 'lhe', 'ser', 'fiel', 'mort', 'lev', 'no', 'non', 'diz', 'vai', 'volt', 'diz', 'amanhã', 'vai', 'telefon', 'déc', 'deix', 'esper']",
Vagalumes,Pollo(part.IvoMozart),"['vou', 'caç', 'milhã', 'vagalum', 'aí', 'pra', 'ver', 'sorr', 'poss', 'color', 'céu', 'outr', 'cor', 'eu', 'quer', 'am', 'amanhec', 'quer', 'acord', 'do', 'lad', 'vou', 'escrev', 'milhã', 'cançã', 'pra', 'ouv', 'que', 'am', 'sorris', 'faz', 'sorr', 'vou', 'mart', 'lua', 'cê', 'sab', 'tô', 'não', 'cab', 'tant', 'saudad', 'verdad', 'nua', 'cru', 'eu', 'sei', 'faç', 'caminh', 'traç', 'um', 'casal', 'lei', 'ocup', 'espaç', 'se', 'to', 'contig', 'lig', 'sol', 'aparec', 'é', 'faz', 'sent', 'caminh', 'dar', 'mão', 'pra', 'teu', 'sonh', 'imposs', 'vai', 'ser', 'real', 'sei', 'mund', 'tá', 'terr', 'vai', 'ser', 'maldad', 'vai', 'tir', 'faç', 'ver', 'pra', 'sorr', 'faç', 'mund', 'int', 'sab', 'vou', 'caç', 'milhã', 'vagalum', 'aí', 'pra', 'ver', 'sorr', 'poss', 'color', 'céu', 'outr', 'cor', 'eu', 'quer', 'am', 'amanhec', 'quer', 'acord', 'do', 'lad', 'pra', 'ter', 'sorris', 'descubr', 'paraís', 'é', 'ver', 'boc', 'perc', 'juíz', 'int', 'sent', 'verd', 'som', 'janell', 'moná', 'vem', 'deix', 'acontec', 'me', 'abraç', 'temp', 'pass', 'cê', 'tá', 'pert', 'dá', 'mão', 'vem', 'comig', 'vej', 'tô', 'cert', 'eu', 'dig', 'amo', 'cê', 'ped', 'alg', 'imposs', 'levant', 'cam', 'hoj', 'céu', 'incr', 'vou', 'caç', 'milhã', 'vagalum', 'aí', 'pra', 'ver', 'sorr', 'poss', 'color', 'céu', 'outr', 'cor', 'eu', 'quer', 'am', 'amanhec', 'quer', 'acord', 'do', 'lad', 'faç', 'braç', 'lug', 'segur', 'procur', 'paz', 'outr', 'abraç', 'ach', 'jur', 'sai', 'compass', 'pass', 'apur', 'vi', 'abr', 'janel', 'pra', 'poss', 'ver', 'vou', 'caç', 'milhã', 'vagalum', 'aí', 'pra', 'ver', 'sorr', 'poss', 'color', 'céu', 'outr', 'cor', 'eu', 'quer', 'am', 'amanhec', 'quer', 'acord', 'do', 'lad']",
Cadeiradeaço,ZéNetoeCristiano,"['sobr', 'marc', 'brig', 'separ', 'fic', 'cac', 'vidr', 'fl', 'chã', 'se', 'abaix', 'voz', 'talv', 'hoj', 'seri', 'um', 'mê', 'quatr', 'dia', 'tent', 'nad', 'atend', 'outr', 'boc', 'desencan', 'coraçã', 'quas', 'par', 'tant', 'sofr', 'meu', 'refúgi', 'mes', 'bar', 'pra', 'tent', 'esquec', 'sent', 'cade', 'aço', 'enferruj', 'beb', 'cad', 'cop', 'americ', 'engan', 'sofr', 'ach', 'esquec', 'dan', 'naquel', 'hor', 'até', 'ver', 'nom', 'escrit', 'lat', 'coca-col', 'cade', 'aço', 'enferruj', 'beb', 'cad', 'cop', 'americ', 'engan', 'sofr', 'ach', 'esquec', 'dan', 'naquel', 'hor', 'até', 'ver', 'nom', 'escrit', 'na', 'lat', 'coca-col', 'ai', 'ai', 'ai', 'ai', 'ai', 'ai', 'deu', 'saudad', 'agor', 'ai', 'ai', 'ai', 'ai', 'ai', 'ai', 'garçom', 'jog', 'lat']",
ProntoFalei,EduardoCosta,"['peg', 'cois', 'coloc', 'mal', 'eu', 'vou', 'esper', 'lá', 'sof', 'sal', 'é', 'hor', 'diz', 'adeu', 'aguent', 'demal', 'ilusã', 'diz', 'am', 'tend', 'outr', 'paix', 'aí', 'não', 'acostum', 'ter', 'metad', 'uma', 'aqu', 'comig', 'outr', 'saudad', 'pass', 'infeliz', 'começ', 'vai', 'ter', 'fim', 'sonh', 'pra', 'mim', 'vá', 'viv', 'vid', 'esquec', 'desaparec', 'eu', 'quer', 'sujeit', 'sujeit', 'me', 'do', 'tant', 'doe', 'deu', 'val', 'eu', 'quer', 'ter', 'depend', 'am', 'alguém', 'que', 'fal', 'ama', 'ama', 'ninguém', 'pod', 'ir', 'cans', 'pront', 'fal']",
Estadodecadente,ZéNetoeCristiano,"['lá', 'vai', 'noit', 'que', 'to', 'vir', 'no', 'vazi', 'dess', 'apart', 'já', 'tô', 'quas', 'pir', 'me', 'bat', 'desesper', 'empilh', 'garraf', 'pass', 'temp', 'pass', 'no', 'est', 'decad', 'tô', 'trist', 'dec', 'cas', 'eu', 'sei', 'ninguém', 'morr', 'am', 'mas', 'cach', 'saudad', 'mat']",
MudandodeAssunto,HenriqueeJuliano,"['qu', 'sab', 'pesadel', 'sem', 'nenhum', 'dúv', 'med', 'ser', 'acord', 'est', 'cheg', 'dar', 'tremed', 'nó', 'barrig', 'qu', 'ama', 'demal', 'suport', 'brig', 'ciúm', 'demal', 'faz', 'gent', 'sofr', 'mud', 'assunt', 'cê', 'tá', 'tão', 'bonit', 'que', 'cheir', 'gost', 'vem', 'cont', 'acredit', 'se', 'tav', 'brig', 'lembr', 'pra', 'brig', 'am', 'é', 'espéci', 'víci', 'mil', 'man', 'quer', 'pra', 'brig', 'chor', 'emb', 'eu', 'bem', 'sei', 'ness', 'hor', 'vai', 'dar', 'vontad', 'mud', 'assunt', 'cê', 'tá', 'tão', 'bonit', 'que', 'cheir', 'gost', 'vem', 'cont', 'acredit', 'se', 'tav', 'brig', 'lembr', 'pra', 'brig', 'am', 'é', 'espéci', 'víci', 'mil', 'man', 'quer', 'pra', 'brig', 'chor', 'emb', 'eu', 'bem', 'sei', 'ness', 'hor', 'vai', 'dar', 'vontad', 'mud', 'assunt', 'cê', 'ta', 'tão', 'bonit']",
Transplante,MaríliaMendonçapart.BrunoeMarrone,"['outr', 'vez', 'boc', 'fal', 'coraçã', 'desm', 'aí', 'sent', 'só', 'cont', 'mim', 'na', 'prim', 'farr', 'qu', 'deix', 'beb', 'dirig', 'até', 'cas', 'só', 'cont', 'vai', 'divid', 'contig', 'o', 'últ', 'pedaç', 'outr', 'lad', 'fon', 'ouv', 'ô', 'ô', 'ess', 'coraçã', 'aí', 'faz', 'bob', 'ele', 'gost', 'mim', 'ess', 'coraçã', 'aí', 'send', 'ignor', 'pra', 'esquec', 'vai', 'precis', 'transpl', 'ess', 'coraçã', 'aí', 'faz', 'bob', 'ele', 'gost', 'mim', 'ess', 'coraçã', 'aí', 'send', 'ignor', 'pra', 'esquec', 'vai', 'precis', 'transpl', 'ai', 'ai', 'ai', 'ai', 'só', 'cont', 'vai', 'divid', 'contig', 'o', 'últ', 'pedaç', 'outr', 'lad', 'fon', 'ouv', 'ô', 'ô', 'ess', 'coraçã', 'aí', 'faz', 'bob', 'ele', 'gost', 'mim', 'ess', 'coraçã', 'aí', 'send', 'ignor', 'pra', 'esquec', 'vai', 'precis', 'transpl', 'ess', 'coraçã', 'aí', 'faz', 'bob', 'ele', 'gost', 'mim', 'ess', 'coraçã', 'aí', 'send', 'ignor', 'pra', 'esquec', 'vai', 'precis', 'transpl', 'ai', 'ai', 'ai', 'ai', 'pra', 'esquec', 'vai', 'precis', 'transpl']",
Otemponãoapaga,VictoreLeo,"['olh', 'céu', 'lembr', 'tud', 'viv', 'pass', 'pra', 'diz', 'pens', 'outr', 'chanc', 'faz', 'sol', 'brilh', 'mim', 'temp', 'apag', 'desfaz', 'beij', 'desej', 'sempr', 'poss', 'esquec', 'olh', 'sei', 'am', 'aind', 'morr', 'olh', 'céu', 'lembr', 'tud', 'viv', 'pass', 'pra', 'diz', 'pens', 'outr', 'chanc', 'faz', 'sol', 'brilh', 'mim', 'temp', 'apag', 'desfaz', 'beij', 'desej', 'sempr', 'poss', 'esquec', 'olh', 'sei', 'am', 'aind', 'morr']",
Camaroamarelo,MunhozeMariano,"['agor', 'fiq', 'doc', 'doc', 'doc', 'doc', 'agor', 'fiq', 'do-do-do-do-doc', 'doc', '[', ']', 'agor', 'fiq', 'doc', 'igual', 'caramel', 'tô', 'tir', 'ond', 'camar', 'amarel', 'agor', 'diz', 'vem', 'cá', 'quer', 'qu', 'pass', 'camar', 'amarel', 'qu', 'pass', 'cg', 'voc', 'olh', 'faz', 'tud', 'pra', 'ver', 'pra', 'perceb', 'mas', 'olh', 'aí', 'vei', 'heranç', 'resolv', 'problem', 'situ', 'dia', 'pra', 'noit', 'fiq', 'ric', 'tô', 'grif', 'tô', 'bonit', 'tô', 'and', 'igual', 'patrã', 'agor', 'fiq', 'doc', 'igual', 'caramel', 'tô', 'tir', 'ond', 'camar', 'amarel', 'agor', 'diz', 'vem', 'cá', 'quer', 'qu', 'pass', 'camar', 'amarel', 'agor', 'vem', 'né', 'agor', 'qu', 'né', 'só', 'agor', 'vou', 'escolh', 'ta', 'sobr', 'mulh', 'agor', 'vem', 'né', 'agor', 'qu', 'né', 'só', 'agor', 'vou', 'escolh', 'ta', 'sobr', 'mulh', 'qu', 'pass', 'cg', 'voc', 'olh', 'faz', 'tud', 'pra', 'ver', 'pra', 'perceb', 'mas', 'olh', 'aí', 'vei', 'heranç', 'resolv', 'problem', 'situ', 'dia', 'pra', 'noit', 'fiq', 'ric', 'tô', 'grif', 'tô', 'bonit', 'tô', 'and', 'igual', 'patrã', 'agor', 'fiq', 'doc', 'igual', 'caramel', 'tô', 'tir', 'ond', 'camar', 'amarel', 'agor', 'diz', 'vem', 'cá', 'quer', 'qu', 'pass', 'camar', 'amarel', '[', ']', 'agor', 'vem', 'né', 'agor', 'qu', 'né', 'só', 'agor', 'vou', 'escolh', 'ta', 'sobr', 'mulh', 'agor', 'vem', 'né', 'agor', 'qu', 'né', 'só', 'agor', 'vou', 'escolh', 'ta', 'sobr', 'mulh', 'agor', 'fiq', 'doc', 'igual', 'caramel', 'tô', 'tir', 'ond', 'camar', 'amarel', 'agor', 'diz', 'vem', 'cá', 'quer', 'qu', 'pass', 'camar', 'amarel', 'agor', 'fiq', 'doc', 'doc', 'doc', 'doc', 'agor', 'fiq', 'do-do-do-do-doc', 'doc']",
ShowdasPoderosas,Anitta,"['prepar', 'agor', 'hor', 'do', 'show', 'poder', 'que', 'desc', 'rebol', 'afront', 'fog', 'só', 'incomod', 'expuls', 'invej', 'que', 'fic', 'car', 'toc', 'prepar', 'se', 'tá', 'vontad', 'sai', 'ond', 'entr', 'qu', 'começ', 'danç', 'enlouqueç', 'sei', 'meu', 'exércit', 'pes', 'gent', 'pod', 'ameaç', 'cois', 'tip', 'vai', 'solt', 'som', 'pra', 'ver', 'danç', 'até', 'vai', 'fic', 'bab', 'par', 'bail', 'pra', 'ver', 'danç', 'cham', 'atenç', 'toa', 'perd', 'linh', 'fic', 'louc', 'solt', 'som', 'pra', 'ver', 'danç', 'até', 'vai', 'fic', 'bab', 'par', 'bail', 'pra', 'ver', 'danç', 'cham', 'atenç', 'toa', 'perd', 'linh', 'fic', 'louc', 'prepar', 'agor', 'hor', 'do', 'show', 'poder', 'que', 'desc', 'rebol', 'afront', 'fog', 'só', 'incomod', 'expuls', 'invej', 'que', 'fic', 'car', 'toc', 'prepar', 'se', 'tá', 'vontad', 'sai', 'ond', 'entr', 'qu', 'começ', 'danç', 'eu', 'enlouqueç', 'sei', 'meu', 'exércit', 'pes', 'gent', 'pod', 'ameaç', 'cois', 'tip', 'vai', 'solt', 'som', 'pra', 'ver', 'danç', 'até', 'vai', 'fic', 'bab', 'par', 'bail', 'pra', 'ver', 'danç', 'cham', 'atenç', 'toa', 'perd', 'linh', 'fic', 'louc', 'solt', 'som', 'pra', 'ver', 'danç', 'até', 'vai', 'fic', 'bab', 'par', 'bail', 'pra', 'ver', 'danç', 'cham', 'atenç', 'toa', 'perd', 'linh', 'fic', 'louc', 'fic', 'louc', 'fic', 'louc', 'prepar']",
SorteQueCêBeijaBem,MaiaraeMaraisa,"['eu', 'jur', 'bat', 'port', 'olh', 'bat', 'quebr', 'outr', 'promess', 'eu', 'tent', 'toc', 'nom', 'mas', 'cad', 'trê', 'palavr', 'uma', 'interess', 'voc', 'problem', 'quer', 'ter', 'mesm', 'sab', 'consig', 'resolv', 'eu', 'promet', 'vou', 'am', 'porqu', 'promess', 'vou', 'faz', 'quest', 'quebr', 'sab', 'tem', 'sort', 'beij', 'bem', 'voc', 'cord', 'bamb', 'aprend', 'and', 'sab', 'tem', 'sort', 'beij', 'bem', 'só', 'deix', 'ir', 'porqu', 'sab', 'vou', 'volt', 'voc', 'problem', 'quer', 'ter', 'mesm', 'sab', 'consig', 'resolv', 'eu', 'promet', 'vou', 'am', 'porqu', 'promess', 'vou', 'faz', 'quest', 'quebr', 'sab', 'tem', 'sort', 'beij', 'bem', 'voc', 'cord', 'bamb', 'aprend', 'and', 'sab', 'tem', 'sort', 'beij', 'bem', 'só', 'deix', 'ir', 'porqu', 'sab', 'vou', 'volt', 'sab', 'tem', 'sort', 'beij', 'bem', 'voc', 'cord', 'bamb', 'aprend', 'and', 'sab', 'tem', 'sort', 'beij', 'bem', 'só', 'deix', 'ir', 'porqu', 'sab', 'vou', 'volt']",
10minutoslongedevocê,Victor&Leopart.Henrique&Juliano,"['diz', 'olh', 'espelh', 'que', 'brilh', 'sempr', 'reflet', 'coraçã', 'tá', 'chei', 'diz', 'boc', 'descrev', 'moment', 'com', 'palavr', 'am', 'revel', 'trag', 'peit', 'na', 'histór', 'tão', 'difer', 'brilh', 'olh', 'vej', 'quant', 'sent', 'qu', 'ausent', 'ouv', 'agor', 'vai', 'entend', 'me', 'falt', 'metad', 'tud', 'nad', 'eu', 'tô', 'cheg', 'pra', 'ver', 'tom', 'banh', 'fl', 'pass', 'perfum', 'coloqu', 'roup', 'traz', 'ciúm', 'que', 'cheg', 'pra', 'am', 'me', 'esper', 'sorris', 'lábi', 'vermelh', 'prepar', 'cam', 'põe', 'vinh', 'gel', 'que', 'quer', 'brind', 'pra', 'esquec', 'ess', 'dez', 'minut', 'long']",
Ausência,MaríliaMendonça,"['sei', 'bem', 'faz', 'bem', 'sei', 'mas', 'fund', 'tent', 'falt', 'corag', 'é', 'hor', 'ia', 'toc', 'vai', 'volt', 'não', 'receb', 'mens', 'mens', 'sei', 'pra', 'sempr', 'vir', 'pó', 'cabeç', 'deu', 'nó', 'tô', 'bem', 'consci', 'mas', 'ame', 'ame', 'so', 'doi', 'me', 'conform', 'agor', 'vou', 'ter', 'segu', 'frent', 'preocup', 'que', 'vou', 'bat', 'portã', 'preocup', 'que', 'vai', 'ver', 'nom', 'nenhum', 'lig', 'preocup', 'que', 'vou', 'tom', 'vergonh', 'car', 'preocup', 'pra', 'bom', 'entend', 'mei', 'aus', 'bast']",
Mentestãobem,ZezéDiCamargo&Luciano,"['me', 'promet', 'am', 'sincer', 'vid', 'int', 'que', 'invern', 'vir', 'primav', 'viv', 'jur', 'est', 'apaixon', 'promet', 'mund', 'nunc', 'deu', 'nad', 'voc', 'cumpr', 'nad', 'que', 'segu', 'caminh', 'cheg', 'céu', 'eu', 'vou', 'prov', 'gost', 'amarg', 'doc', 'mel', 'na', 'ment', 'palavr', 'entr', 'jog', 'procur', 'águ', 'encontr', 'fog', 'me', 'queim', 'ness', 'fog', 'qu', 'fal', 'tão', 'apaixon', 'meu', 'am', 'sempr', 'est', 'contig', 'olh', 'olh', 'emocion', 'chor', 'sei', 'ment', 'sint', 'viv', 'mesm', 'send', 'fals', 'ar', 'sint', 'respir', 'ment', 'tão', 'bem', 'que', 'parec', 'verdad', 'fal', 'vou', 'acredit', 'ment', 'tão', 'bem', 'que', 'cheg', 'imagin', 'qu', 'engan', 'que', 'ama', 'verdad', 'ment', 'tão', 'bem', 'qu', 'fal', 'tão', 'apaixon', 'meu', 'am', 'sempr', 'est', 'contig', 'olh', 'olh', 'emocion', 'chor', 'sei', 'ment', 'sint', 'viv', 'mesm', 'send', 'fals', 'ar', 'sint', 'respir', 'ment', 'tão', 'bem', 'que', 'parec', 'verdad', 'fal', 'vou', 'acredit', 'ment', 'tão', 'bem', 'que', 'cheg', 'imagin', 'qu', 'engan', 'que', 'ama', 'verdad', 'ment', 'tão', 'bem', 'não', 'ama', 'verdad', 'voc', 'ment', 'tão', 'bem']",
SurtoDeAmor,BrunoeMarrone,"['ela', 'tav', 'tão', 'lind', 'mesm', 'abraç', 'o', 'am', 'vid', 'send', 'exib', 'troféu', 'pra', 'vez', 'outr', 'olh', 'com', 'diz', 'vem', 'cá', 'frent', 'pov', 'surt', 'am', 'peg', 'braç', 'fest', 'par', 'gent', 'beij', 'mund', 'caind', 'um', 'inconform', '“', 'doi', 'doid', 'varr', '”', 'convid', 'queix', 'caíd', 'me', 'vend', 'lev', 'emb', 'comig']",
Mozão,LucasLucco,"['uou', 'oo', 'oh', 'mo', 'cheg', 'conclus', 'já', 'faz', 'temp', 'gent', 'fic', 'quas', 'namor', 'sei', 'lá', 'gent', 'enrol', 'eu', 'sint', 'falt', 'aqu', 'sei', 'lá', 'dá', 'vontad', 'amarr', 'col', 'prend', 'mim', 'vontad', 'cas', 'ter', 'filh', 'pra', 'gent', 'cuid', 'pra', 'sempr', 'namor', 'eu', 'sei', 'to', 'viaj', 'tô', 'nov', 'cust', 'sonh', 'se', 'temp', 'pass', 'nunc', 'vai', 'par', 'num', 'pisc', 'olh', 'tá', 'pass', 'mê', 'gent', 'fic', 'velh', 'gent', 'fez', 'não', 'deix', 'plan', 'acab', 'estej', 'aqu', 'amanhã', 'acord', 'momôzin', 'vam', 'faz', 'assim', 'cuid', 'cuid', 'mim', 'não', 'desist', 'mim', 'vam', 'fim', 'momôzin', 'vam', 'faz', 'assim', 'cuid', 'cuid', 'mim', 'não', 'desist', 'mim', 'vam', 'fim', 'dá', 'mão', 'pra', 'mim']",
AbreoPortãoQueEuCheguei,GusttavoLima,"['abr', 'portã', 'cheg', 'tá', 'ach', 'car', 'bob', 'por', 'tá', 'lig', 'nov', 'dess', 'vez', 'tô', 'atend', 'pra', 'diz', 'que', 'ont', 'últ', 'vez', 'voc', 'dev', 'ach', 'espert', 'tod', 'vez', 'mesm', 'convers', 'me', 'ilud', 'lev', 'chã', 'vou', 'dorm', 'com', 'cam', 'eu', 'consig', 'entend', 'sempr', 'diz', 'am', 'mas', 'qu', 'praz', 'olh', 'pra', 'trá', 'vej', 'tud', 'fez', 'agor', 'qu', 'brinc', 'comig', 'vai', 'ter', 'outr', 'vez', 'tô', 'cans', 'sair', 'mei', 'noit', 'satisfaz', 'minut', 'mat', 'minh', 'vontad', 'arrepend', 'sair', 'madrug', 'mei', 'bal', 'larg', 'vid', 'pra', 'viv', 'só', 'pra', 'viv', 'voc', 'sab', 'louc', 'mão', 'confess', 'vez', 'peg', 'esper', 'lig', 'tav', 'mim', 'esquec', 'fal', 'abr', 'portã', 'cheg']",
MichelTeló,Fugidinha,"['vem', 'comig', 'ô', 'ô', 'ô', 'ô', 'ô', 'tô', 'bem', 'par', 'ninguém', 'conseg', 'entend', 'cheg', 'bal', 'tod', 'par', 'pra', 'ver', 'tud', 'dand', 'cert', 'mas', 'tô', 'espert', 'não', 'poss', 'bot', 'tud', 'perd', 'sempr', 'pesso', 'espec', 'que', 'fic', 'sab', 'potenc', 'mex', 'comig', 'iss', 'perig', 'log', 'agor', 'fiq', 'legal', 'tô', 'morr', 'vontad', 'agarr', 'não', 'sei', 'quant', 'temp', 'vou', 'suport', 'mas', 'pra', 'gent', 'encontr', 'ninguém', 'pod', 'sab', 'já', 'pens', 'sei', 'dev', 'faz', 'o', 'jeit', 'dar', 'fugid', 'o', 'jeit', 'dar', 'fug', 'se', 'qu', 'sab', 'vai', 'acontec', 'prim', 'gent', 'fog', 'depois', 'gent', 'vê', 'o', 'jeit', 'dar', 'fugid', 'o', 'jeit', 'dar', 'fug', 'se', 'qu', 'sab', 'vai', 'acontec', 'prim', 'gent', 'fog', 'depois', 'gent', 'vê', 'ô', 'ô', 'ô', 'ô', 'ô', 'tô', 'bem', 'par', 'ninguém', 'conseg', 'entend', 'cheg', 'bal', 'tod', 'par', 'pra', 'ver', 'tud', 'dand', 'cert', 'mas', 'tô', 'espert', 'não', 'poss', 'bot', 'tud', 'perd', 'sempr', 'pesso', 'espec', 'que', 'fic', 'sab', 'potenc', 'mex', 'comig', 'iss', 'perig', 'log', 'agor', 'fiq', 'legal', 'tô', 'morr', 'vontad', 'agarr', 'não', 'sei', 'quant', 'temp', 'vou', 'suport', 'mas', 'pra', 'gent', 'encontr', 'ninguém', 'pod', 'sab', 'já', 'pens', 'sei', 'dev', 'faz', 'o', 'jeit', 'dar', 'fugid', 'o', 'jeit', 'dar', 'fug', 'se', 'qu', 'sab', 'vai', 'acontec', 'prim', 'gent', 'fog', 'depois', 'gent', 'vê', 'o', 'jeit', 'dar', 'fugid', 'o', 'jeit', 'dar', 'fug', 'se', 'qu', 'sab', 'vai', 'acontec', 'prim', 'gent', 'fog', 'depois', 'cant', 'comig', 'o', 'jeit', 'dar', 'fugid', 'o', 'jeit', 'dar', 'fug', 'se', 'qu', 'sab', 'vai', 'acontec', 'prim', 'gent', 'fog', 'depois', 'gent', 'vê', 'o', 'jeit', 'dar', 'fugid', 'o', 'jeit', 'dar', 'fug', 'se', 'qu', 'sab', 'vai', 'acontec', 'prim', 'gent', 'fog', 'depois', 'gent', 'vê', 'vai', 'ô', 'ô', 'ô', 'ô', 'ô']",
Maisamoremenosdrama,HenriqueeJuliano,"['mais', 'am', 'menos', 'dram', 'né', 'né', 'melhor', 'eu', 'ach', 'faz', 'tão', 'pouc', 'temp', 'prov', 'beij', 'gost', 'neg', 'tô', 'med', 'vai', 'acontec', 'dá', 'últ', 'vez', 'me', 'entreg', 'amo', 'cê', 'fog', 'sobr', 'qu', 'tent', 'ir', 'devag', 'daí', 'cê', 'vem', 'pra', 'cim', 'bast', 'mens', 'olh', 'vir', 'esquin', 'na', 'intim', 'voc', 'entr', 'meu', 'pal', 'aprov', 'gent', 'tá', 'fic', 'mas', 'ant', 'entreg', 'coraçã', 'eu', 'precis', 'sab', 'intenç', 'se', 'fog', 'palh', 'qualqu', 'boc', 'apag', 'se', 'aí', 'gent', 'mas', 'ant', 'entreg', 'coraçã', 'eu', 'precis', 'sab', 'intenç', 'se', 'fog', 'palh', 'qualqu', 'boc', 'apag', 'se', 'aí', 'gent', 'par', 'cam', 'até', 'diz', 'ama', 'mais', 'am', 'menos', 'dram']",
VouTeAmarrarnaMinhaCama,BrunoEMarrone,"['gat', 'manh', 'do', 'beij', 'gost', 'me', 'afast', 'arranh', 'mas', 'desavenç', 'não', 'entr', 'quart', 'qu', 'gent', 'assanh', 'ess', 'am', 'escond', 'minut', 'cont', 'am', 'proib', 'sab', 'pec', 'ou', 'gent', 'assum', 'ou', 'acab', 'morr', 'de', 'tant', 'ciúm', 'ess', 'am', 'escond', 'minut', 'cont', 'am', 'proib', 'sab', 'pec', 'ou', 'gent', 'assum', 'ou', 'acab', 'morr', 'de', 'tant', 'ciúm', 'vou', 'amarr', 'cam', 'só', 'vai', 'faz', 'am', 'comig', 'eu', 'quer', 'precis', 'só', 'junt', 'vid', 'faz', 'sent', 'vou', 'amarr', 'cam', 'só', 'vai', 'faz', 'am', 'comig', 'eu', 'quer', 'precis', 'só', 'junt', 'vid', 'faz', 'sent', 'vou', 'amarr', 'cam', 'só', 'vai', 'faz', 'am', 'comig', 'eu', 'quer', 'precis', 'só', 'junt', 'vid', 'faz', 'sent']",
JáNaoSeiMaisNada,Bruno&Marrone,"['eu', 'sei', 'diz', 'am', 'vai', 'volt', 'ser', 'não', 'sei', 'amanhec', 'nó', 'vam', 'sab', 'faz', 'se', 'vai', 'julg', 'vez', 'não', 'pergunt', 'cois', 'sei', 'cois', 'sei', 'não', 'sab', 'ond', 'vai', 'par', 'sei', 'vai', 'duvid', 'mas', 'vou', 'jur', 'promet', 'alg', 'sei', 'vou', 'faz', 'eu', 'sei', 'etern', 'mas', 'poss', 'dar', 'tod', 'temp', 'já', 'sei', 'nad', 'já', 'sei', 'nad', 'se', 'est', 'junt', 'até', 'fim', 'mund', 'eu', 'sei', 'pra', 'se', 'pra', 'mim', 'o', 'am', 'am', 'sonh', 'já', 'sei', 'nad', 'já', 'sei', 'nad', 'se', 'vai', 'ser', 'assim', 'seu', 'café', 'derram', 'sof', 'distra', 'sab', 'faz', 'não', 'conseg', 'ver', 'acab', 'não', 'qu', 'desist', 'dest', 'am', 'mas', 'tud', 'vê', 'não', 'peç', 'dou', 'não', 'já', 'sei', 'nad', 'já', 'sei', 'nad', 'se', 'est', 'junt', 'até', 'fim', 'mund', 'eu', 'sei', 'pra', 'se', 'pra', 'mim', 'o', 'am', 'am', 'sonh', 'já', 'sei', 'nad', 'já', 'sei', 'nad', 'se', 'vai', 'ser', 'assim', 'ess', 'vid', 'livr', 'cad', 'págin', 'dia', 'viv', 'que', 'pod', 'escrev', 'apag', 'ess', 'noit', 'precis', 'eu', 'precis', 'tant', 'beij']",
AmordeChocolate,NaldoBenny,"['vodk', 'águ', 'coc', 'pra', 'mim', 'tant', 'faz', 'gost', 'fic', 'louc', 'cad', 'vez', 'quer', 'cad', 'vez', 'quer', 'whisky', 'águ', 'coc', 'pra', 'mim', 'tant', 'faz', 'eu', 'tô', 'chei', 'tes', 'cad', 'vez', 'quer', 'cad', 'vez', 'quer', 'pra', 'fic', 'man', 'jog', 'clim', 'lá', 'alt', 'alt', 'cim', 'alt', 'cim', 'alt', 'cim', 'alt', 'cim', 'cim', 'cim', 'cim', 'cim', 'eu', 'tô', 'brinc', 'eu', 'met', 'tud', 'peg', 'firm', 'pra', 'val', 'cheg', 'chei', 'maldad', 'quer', 'ouv', 'gem', 'eu', 'lig', 'cheg', 'noit', 'vou', 'tud', 'vai', 'vai', 'tem', 'sab', 'chocolat', 'sex', 'gent', 'faz', 'corp', 'quent', 'tô', 'su', 'vem', 'mel', 'vem', 'lamb', 'só', 'cheir', 'toqu', 'faz', 'enlouquec', 'já', 'faz', 'enlouquec']",
AmanteNãoTemLar,MaríliaMendonça,"['só', 'vim', 'desculp', 'eu', 'vou', 'demor', 'não', 'vou', 'tent', 'ser', 'amig', 'poi', 'sei', 'dá', 'voc', 'vai', 'odi', 'mas', 'vim', 'cont', 'que', 'faz', 'temp', 'eu', 'met', 'mei', 'lar', 'sua', 'famíl', 'tão', 'bonit', 'eu', 'nunc', 'vid', 'continu', 'assim', 'eu', 'sei', 'vou', 'ter', 'ele', 'ama', 'verdad', 'culp', 'minh', 'respons', 'vou', 'resolv', 'não', 'quer', 'atrapalh', 'preç', 'pag', 'é', 'nunc', 'ser', 'am', 'verdad', 'ninguém', 'respeit', 'ness', 'cidad', 'am', 'lar', 'am', 'nunc', 'vai', 'cas', 'preç', 'pag', 'é', 'nunc', 'ser', 'am', 'verdad', 'ninguém', 'respeit', 'ness', 'cidad', 'am', 'vai', 'ser', 'fiel', 'am', 'usa', 'alianç', 'véu']",
Vaimeperdoando,Victor&Leopart.VictorFreitas&Felipe,"['vai', 'perdo', 'ess', 'jeit', 'estranh', 'eu', 'sei', 'fez', 'sofr', 'tud', 'ment', 'quil', 'pag', 'pra', 'ver', 'sei', 'hor', 'hor', 'diz', 'adeu', 'vai', 'perdo', 'esquec', 'plan', 'tud', 'promet', 'sei', 'difícil', 'encar', 'fim', 'mas', 'vai', 'perdo', 'enfim', 'vai', 'perdo', 'alguém', 'sempr', 'quil', 'bem', 'vai', 'lembr', 'ser', 'human', 'err', 'nunc', 'chor', 'am', 'perdo', 'favor', 'entend', 'vai', 'perdo', 'destin', 'tr', 'alguém', 'ano', 'vai', 'esquec', 'bem', 'nunc', 'chor', 'am', 'perdo', 'favor', 'entend']",
Sapequinha,EduardoCosta,"['pens', 'tr', 'bom', 'tr', 'gost', 'hoj', 'chor', 'migué', 'se', 'sapec', 'cair', 'lago', 'hoj', 'jacaré', 'pens', 'tr', 'doid', 'gost', 'hoj', 'chor', 'migué', 'se', 'sapec', 'cair', 'lago', 'hoj', 'jacaré', 'eu', 'dou', 'mol', 'dou', 'mol', 'ela', 'vai', 'ver', 'caip', 'press', 'eu', 'dou', 'mol', 'jog', 'braç', 'grud', 'peit', 'tá', 'feit', 'regaç', 'ô', 'ô', 'ô', 'ô', 'ô', 'ô', 'vam', 'brinc', 'beste', 'brinc', 'faz', 'am', 'pens', 'tr', 'bom', 'tr', 'gost', 'hoj', 'chor', 'migué', 'se', 'sapec', 'cair', 'lago', 'hoj', 'jacaré', 'eu', 'dou', 'mol', 'dou', 'mol', 'ela', 'vai', 'ver', 'eduard', 'press', 'eu', 'dou', 'mol', 'jog', 'braç', 'grud', 'peit', 'ta', 'feit', 'regaç', 'ô', 'ô', 'ô', 'ô', 'ô', 'ô', 'vam', 'brinc', 'beste', 'brinc', 'faz', 'am', 'mão', 'pra', 'cim', 'mex', 'cint', 'danç', 'comig', 'danç', 'comig']",
OlhaElaAí,EduardoCosta,"['vi', 'coraçã', 'pedr', 'vir', 'algod', 'orgulh', 'jog', 'chã', 'no', 'moment', 'diss', 'adeu', 'voc', 'jog', 'mar', 'chei', 'fantas', 'voc', 'mud', 'noit', 'pro', 'dia', 'acord', 'viu', 'olh', 'deu', 'olh', 'deu', 'olh', 'aí', 'deu', 'volt', 'mund', 'par', 'port', 'aqu', 'já', 'tô', 'escut', 'hor', 'olh', 'aí', 'me', 'olh', 'pergunt', 'aind', 'gost', 'quer', 'rasg', 'papel', 'divórci', 'chor', 'implor', 'am', 'volt', 'voc', 'jog', 'mar', 'chei', 'fantas', 'voc', 'mud', 'noit', 'pro', 'dia', 'acord', 'viu', 'olh', 'deu', 'olh', 'deu', 'olh', 'aí', 'deu', 'volt', 'mund', 'par', 'port', 'aqu', 'já', 'tô', 'escut', 'hor', 'olh', 'aí', 'me', 'olh', 'pergunt', 'aind', 'gost', 'quer', 'rasg', 'papel', 'divórci', 'chor', 'implor', 'am', 'volt', 'olh', 'aí', 'deu', 'volt', 'mund', 'par', 'port', 'aqu', 'já', 'tô', 'escut', 'hor', 'olh', 'aí', 'me', 'olh', 'pergunt', 'aind', 'gost', 'quer', 'rasg', 'papel', 'divórci', 'chor', 'implor', 'am', 'volt', 'o', 'am', 'volt']",
Jenifer,GabrielDiniz,"['mas', 'vei', 'xing', 'ench', 'sac', 'pergunt', 'qu', 'peru', 'aí', 'mas', 'peraí', 'peraí', 'voc', 'pag', 'cont', 'já', 'cont', 'o', 'tô', 'faz', 'aqu', 'mas', 'peraí', 'vou', 'explic', 'o', 'nom', 'jennif', 'eu', 'encontr', 'tind', 'namor', 'mas', 'pod', 'ser', 'o', 'nom', 'jennif', 'eu', 'encontr', 'tind', 'mas', 'faz', 'uma', 'par', 'o', 'faç', 'mas', 'vei', 'xing', 'ench', 'sac', 'pergunt', 'qu', 'peru', 'aí', 'mas', 'peraí', 'peraí', 'voc', 'pag', 'cont', 'já', 'cont', 'o', 'tô', 'faz', 'aqu', 'mas', 'assim', 'vou', 'explic', 'o', 'nom', 'jennif', 'eu', 'encontr', 'tind', 'namor', 'mas', 'pod', 'ser', 'o', 'nom', 'jennif', 'eu', 'encontr', 'tind', 'mas', 'faz', 'uma', 'par', 'o', 'faç', 'o', 'nom', 'jennif', 'eu', 'encontr', 'tind', 'namor', 'mas', 'pod', 'ser', 'o', 'nom', 'jennif', 'eu', 'encontr', 'tind', 'mas', 'faz', 'uma', 'par', 'o', 'faç']",
NãoPrecisa,PaulaFernandes,"['voc', 'diz', 'precis', 'viv', 'sonh', 'tant', 'que', 'viv', 'faz', 'demal', 'diz', 'precis', 'cad', 'vez', 'cant', 'uma', 'cançã', 'pra', 'mas', 'ser', 'assim', 'pra', 'ser', 'coraçã', 'não', 'dig', 'precis', 'ah', 'ah', 'ahh', 'tem', 'ser', 'assim', 'é', 'coraçã', 'não', 'dig', 'precis', 'ah', 'ah', 'ahh', 'eu', 'sonh', 'vid', 'agor', 'viv', 'sonh', 'mas', 'viv', 'sonh', 'com', 'tant', 'faz', 'não', 'dig', 'precis', 'eu', 'dig', 'precis', 'gent', 'am', 'demal', 'nad', 'mas', 'ser', 'assim', 'pra', 'ser', 'coraçã', 'não', 'dig', 'precis', 'ah', 'ah', 'ahh', 'tem', 'ser', 'assim', 'é', 'coraçã', 'não', 'dig', 'precis', 'ah', 'ah', 'ahh']",
FloresemVida,ZezéDiCamargo&Luciano,"['quer', 'am', 'agor', 'não', 'saudad', 'seu', 'car', 'vid', 'afor', 'ant', 'fim', 'par', 'doi', 'quer', 'companh', 'caminh', 'mesm', 'direç', 'excet', 'cert', 'dia', 'vid', 'sep', 'algum', 'estaçã', 'quer', 'fl', 'vid', 'seu', 'sorris', 'ilumin', 'as', 'lágr', 'desped', 'não', 'est', 'pert', 'enxug', 'eu', 'quer', 'viv', 'vid', 'quer', 'fl', 'vid', 'colh', 'jardim', 'am', 'do', 'am', 'quer', 'fl', 'vid', 'seu', 'sorris', 'ilumin', 'as', 'lágr', 'desped', 'não', 'est', 'pert', 'enxug', 'eu', 'quer', 'viv', 'vid', 'quer', 'fl', 'vid', 'colh', 'jardim', 'am', 'do', 'am']",
NaLinhadoTempo,Victor&Leo,"['eu', 'dei', 'our', 'sol', 'prat', 'lua', 'te', 'dei', 'estrel', 'pra', 'desenh', 'céu', 'na', 'linh', 'temp', 'destin', 'escrev', 'com', 'letr', 'dour', 'voc', 'há', 'quant', 'temp', 'esper', 'encontr', 'alguém', 'assim', 'que', 'encaix', 'bem', 'plan', 'que', 'dia', 'fiz', 'pra', 'mim', 'voc', 'vou', 'diz', 'que', 'ness', 'fras', 'pouc', 'doi', 'deix', 'agor', 'pra', 'qu', 'vej', 'sint', 'tão', 'complet', 'por', 'ond', 'vou', 'ness', 'traç', 'vou', 'tent', 'descrev', 'que', 'mil', 'palavr', 'tão', 'pouc', 'pra', 'diz', 'que', 'sent', 'mud', 'tud', 'mud', 'mund', 'iss', 'am', 'na', 'linh', 'temp', 'destin', 'escrev', 'com', 'letr', 'dour', 'voc', 'há', 'quant', 'temp', 'esper', 'encontr', 'alguém', 'assim', 'que', 'encaix', 'bem', 'plan', 'que', 'dia', 'fiz', 'pra', 'mim', 'voc', 'vou', 'diz', 'que', 'ness', 'fras', 'pouc', 'doi', 'deix', 'agor', 'pra', 'qu', 'vej', 'sint', 'tão', 'complet', 'por', 'ond', 'vou', 'ness', 'traç', 'vou', 'tent', 'descrev', 'que', 'mil', 'palavr', 'tão', 'pouc', 'pra', 'diz', 'que', 'sent', 'mud', 'tud', 'mud', 'mund', 'iss', 'am', 'que', 'ness', 'fras', 'pouc', 'doi', 'deix', 'agor', 'pra', 'qu', 'vej', 'sint', 'tão', 'complet', 'por', 'ond', 'vou', 'ness', 'traç', 'vou', 'tent', 'descrev', 'que', 'mil', 'palavr', 'tão', 'pouc', 'pra', 'diz', 'que', 'sent', 'mud', 'tud', 'mud', 'mund', 'iss', 'am', 'iss', 'am', 'iss', 'am', 'am']",
Sosseguei,Jorge&Mateus,"['tô', 'vir', 'um', 'trê', 'dia', 'tô', 'beb', 'jamal', 'beb', 'vou', 'fal', 'nunc', 'fal', 'é', 'prim', 'últ', 'vez', 'eu', 'sosseg', 'ont', 'desped', 'na', 'bal', 'dess', 'vid', 'solt', 'eu', 'sosseg', 'mud', 'rot', 'plan', 'tav', 'procur', 'ach', 'se', 'qu', 'cinem', 'par', 'perfeit', 'qu', 'curt', 'bal', 'parc', 'ou', 'fic', 'cas', 'am', 'dia', 'int', 'divid', 'comig', 'brig', 'ness', 'vid', 'agor', 'doi', 'trê', 'quatr', 'quant', 'quis', 'part', 'hoj', 'hom', 'mulh']",
AmoNoiteeDia,Jorge&Mateus,"['tem', 'pedaç', 'peit', 'bem', 'col', 'algum', 'chav', 'algum', 'segred', 'prend', 'um', 'jeit', 'perig', 'conquist', 'teu', 'jeit', 'tão', 'gost', 'abraç', 'tud', 'perd', 'transform', 'ninguém', 'vê', 'eu', 'busc', 'vez', 'detalh', 'encontr', 'o', 'temp', 'pass', 'and', 'pra', 'trá', 'me', 'perc', 'ness', 'estr', 'aguent', 'refr', 'iê', 'iê', 'pass', 'dia', 'pass', 'noit', 'tô', 'apaixon', 'coraçã', 'peit', 'sofr', 'lad', 'dess', 'vez', 'tud', 'real', 'nad', 'fantas', 'saib', 'amo', 'amo', 'noit', 'dia', 'tem', 'pedaç', 'peit', 'bem', 'col', 'algum', 'chav', 'algum', 'segred', 'prend', 'um', 'jeit', 'perig', 'conquist', 'teu', 'jeit', 'tão', 'gost', 'abraç', 'tud', 'perd', 'transform', 'ninguém', 'vê', 'eu', 'busc', 'vez', 'detalh', 'encontr', 'o', 'temp', 'pass', 'and', 'pra', 'trá', 'me', 'perc', 'ness', 'estr', 'aguent', 'refr', 'iê', 'iê', 'pass', 'dia', 'pass', 'noit', 'tô', 'apaixon', 'coraçã', 'peit', 'sofr', 'lad', 'dess', 'vez', 'tud', 'real', 'nad', 'fantas', 'saib', 'amo', 'amo', 'noit', 'dia']",
RaparigaNão,JoãoNetoeFredericopart.SimoneeSimaria,"['só', 'porqu', 'vir', 'ex', 'que', 'tant', 'faz', 'tant', 'fez', 'por', 'apaixon', 'olh', 'mê', 'voc', 'sab', 'am', 'qu', 'quil', 'serv', 'ela', 'mulh', 'fiel', 'ela', 'nunc', 'tra', 'se', 'alguém', 'aqu', 'prest', 'raparig', 'raparig', 'lav', 'boc', 'águ', 'sab', 'raparig', 'raparig', 'não', 'corp', 'bonit', 'ela', 'coraçã', 'raparig', 'raparig', 'lav', 'boc', 'águ', 'sab', 'raparig', 'raparig', 'não', 'corp', 'bonit', 'ela', 'coraçã', 'só', 'porqu', 'vir', 'ex', 'que', 'tant', 'faz', 'tant', 'fez', 'por', 'apaixon', 'olh', 'mê', 'voc', 'sab', 'am', 'qu', 'quil', 'serv', 'ela', 'mulh', 'fiel', 'ela', 'nunc', 'tra', 'se', 'alguém', 'aqu', 'prest', 'raparig', 'raparig', 'lav', 'boc', 'águ', 'sab', 'raparig', 'raparig', 'não', 'corp', 'bonit', 'ela', 'coraçã', 'raparig', 'raparig', 'lav', 'boc', 'águ', 'sab', 'raparig', 'raparig', 'não', 'corp', 'bonit', 'ela', 'coraçã', 'lav', 'boc', 'águ', 'sab', 'não', 'corp', 'bonit', 'ela', 'coraçã']",
ÁguadeOceano,Victor&Leo,"['plen', 'desert', 'encontr', 'nunc', 'imagin', 'ser', 'assim', 'o', 'jamal', 'pens', 'foi', 'ter', 'pert', 'mim', 'o', 'sol', 'queim', 'paz', 'qu', 'cheg', 'não', 'sab', 'bem', 'faz', 'à', 'sombr', 'dess', 'am', 'àgu', 'ocean', 'pra', 'beb', 'viv', 'mergulh', 'te', 'amo', 'pra', 'val', 'lembre-s', 'esquec']",
TudoComVocê,Victor&Leo,"['tud', 'seu', 'corp', 'sem', 'nenhum', 'porqu', 'hoj', 'coraçã', 'sou', 'tud', 'lad', 'precis', 'encontr', 'dig', 'err', 'alg', 'faz', 'quer', 'am', 'ent', 'agor', 'não', 'med', 'diz', 'tud', 'só', 'am', 'faz', 'vo', 'meu', 'am', 'viv', 'pra', 'am', 'só', 'am', 'faz', 'vo', 'meu', 'am', 'viv', 'pra', 'am']",
TeVivo,LuanSantana,"['qu', 'sint', 'te', 'faç', 'pres', 'eu', 'fech', 'olh', 'enxerg', 'gent', 'quest', 'segund', 'voo', 'pra', 'outr', 'mund', 'outr', 'constel', 'não', 'dá', 'explic', 'ao', 'ver', 'cheg', 'qual', 'sens', 'gent', 'precis', 'tá', 'col', 'pra', 'tá', 'junt', 'noss', 'corp', 'convers', 'hor', 'hor', 'sem', 'palavr', 'tão', 'diz', 'tod', 'instant', 'pro', 'outr', 'o', 'quant', 'ador', 'eu', 'precis', 'olh', 'pra', 'ter', 'mund', 'porqu', 'aond', 'qu', 'vá', 'voc', 'tud', 'tud', 'tud', 'precis', 'te', 'viv', 'qu', 'sint', 'te', 'faç', 'pres', 'eu', 'fech', 'olh', 'enxerg', 'gent', 'quest', 'segund', 'voo', 'pra', 'outr', 'mund', 'outr', 'constel', 'não', 'dá', 'explic', 'ao', 'ver', 'cheg', 'qual', 'sens', 'gent', 'precis', 'tá', 'col', 'pra', 'tá', 'junt', 'noss', 'corp', 'convers', 'hor', 'hor', 'sem', 'palavr', 'tão', 'diz', 'tod', 'instant', 'pro', 'outr', 'o', 'quant', 'ador', 'eu', 'precis', 'olh', 'pra', 'ter', 'mund', 'porqu', 'aond', 'qu', 'vá', 'voc', 'tud', 'tud', 'tud', 'precis', 'te', 'viv']",
Vingança,LuanSantanaftMcKekel,"['uh', 'uh', 'uh', 'uh', 'não', 'vou', 'pens', 'na', 'ment', 'vai', 'entr', 'vim', 'aqu', 'avis', 'teu', 'psicológ', 'prepar', 'que', 'vou', 'esper', 'eu', 'vou', 'peg', 'tod', 'mund', 'vir', 'vagabund', 'depois', 'fic', 'cidad', 'int', 'aí', 'vai', 'lembr', 'do', 'tant', 'dei', 'am', 'tant', 'deu', 'val', 'únic', 'chanc', 'vai', 'ser', 'algum', 'bal', 'vid', 'eu', 'beij', 'perceb', 'sem', 'ver', 'uh', 'uh', 'uh', 'uh', 'eu', 'avis', 'tent', 'vacil', 'menin', 'avis', 'am', 'pra', 'cuid', 'se', 'escap', 'mão', 'cai', 'chã', 'não', 'consert', 'ant', 'sum', 'vid', 'só', 'cois', 'aqu', 'portã', 'últ', 'vez', 'vou', 'fal', 'seu', 'psicológ', 'prepar', 'que', 'vou', 'esper', 'acab', 'paci', 'eu', 'vou', 'peg', 'tod', 'mund', 'vir', 'vagabund', 'depois', 'fic', 'cidad', 'int', 'aí', 'vai', 'lembr', 'do', 'tant', 'dei', 'am', 'tant', 'deu', 'val', 'é', 'únic', 'chanc', 'voc', 'deu', 'val', 'voc', 'deu', 'val', 'não', 'deu', 'val', 'deu', 'val', 'ame', 'demal', 'agor', 'quer', 'sab', 'deix', 'outr', 'aproveit', 'eu', 'vou', 'peg', 'tod', 'mund', 'vir', 'vagabund', 'depois', 'fic', 'cidad', 'int', 'aí', 'vai', 'lembr', 'do', 'tant', 'dei', 'am', 'tant', 'deu', 'val', 'únic', 'chanc', 'vai', 'ser', 'qualqu', 'bal', 'aí', 'vou', 'beij', 'perceb', 'sem', 'ver', 'eu', 'vou', 'vir', 'vagabund', 'vou', 'jog', 'mund', 'eu', 'vou', 'vir', 'vagabund', 'que', 'vou', 'jog', 'mund', 'luan', 'kekel']",
50Reais,NaiaraAzevedoFt.MaiaraeMaraisa,"['bonit', 'que', 'bonit', 'hein', 'que', 'cen', 'lind', 'ser', 'atrapalh', 'casal', 'aí', 'que', 'lix', 'brinc', 'ent', 'aqu', 'futebol', 'tod', 'quarta-f', 'acas', 'motel', 'é', 'troux', 'lua', 'mel', 'é', 'promet', 'céu', 'agor', 'tir', 'chã', 'precis', 'vest', 'eu', 'vi', 'tud', 'ver', 'aqu', 'que', 'decepç', 'um', 'zer', 'pra', 'intu', 'não', 'sei', 'dou', 'car', 'bat', 'mas', 'vim', 'atrapalh', 'noit', 'praz', 'pra', 'ajud', 'pag', 'dam', 'satisfaz', 'tom', 'aqu', 'um', 'real', 'não', 'sei', 'dou', 'car', 'bat', 'mas', 'vim', 'atrapalh', 'noit', 'praz', 'pra', 'ajud', 'pag', 'dam', 'satisfaz', 'tom', 'aqu', 'um', 'real', 'acas', 'motel', 'é', 'troux', 'lua', 'mel', 'é', 'promet', 'céu', 'agor', 'tir', 'chã', 'precis', 'vest', 'eu', 'vi', 'tud', 'ver', 'aqu', 'que', 'decepç', 'um', 'zer', 'pra', 'intu', 'não', 'sei', 'dou', 'car', 'bat', 'mas', 'vim', 'atrapalh', 'noit', 'praz', 'pra', 'ajud', 'pag', 'dam', 'satisfaz', 'tom', 'aqu', 'um', 'real', 'não', 'sei', 'dou', 'car', 'bat', 'mas', 'vim', 'atrapalh', 'noit', 'praz', 'pra', 'ajud', 'pag', 'dam', 'satisfaz', 'tom', 'aqu', 'um', 'real', 'pra', 'ajud', 'pag', 'dam', 'satisfaz', 'tom', 'aqu', 'um', 'real']",
IssoCêNumConta,BrunoeMarrone,"['fal', 'pra', 'fim', 'seman', 'foi', 'melhor', 'vid', 'que', 'volt', 'sorr', 'porqu', 'tav', 'mim', 'faz', 'acredit', 'de', 'dó', 'aind', 'tav', 'comig', 'que', 'sempr', 'car', 'chat', 'que', 'sab', 'tav', 'lad', 'que', 'gent', 'motel', 'ont', 'iss', 'cê', 'cont', 'cê', 'cont', 'pag', 'cont', 'iss', 'cê', 'cont', 'cê', 'cont', 'que', 'aind', 'chor', 'escond', 'iss', 'cê', 'cont', 'cê', 'cont', 'que', 'ped', 'pra', 'volt', 'comig', 'iss', 'cê', 'cont', 'cê', 'cont']",
Propaganda,Jorge&Mateus,"['ela', 'queim', 'arroz', 'quebr', 'cop', 'pia', 'tropeç', 'sof', 'machuc', 'ded', 'culp', 'aind', 'ela', 'ronc', 'demal', 'manch', 'camis', 'dá', 'med', 'olh', 'qu', 'tá', 'naquel', 'dia', 'é', 'fal', 'pro', 'outr', 'mas', 'sab', 'esquem', 'outr', 'só', 'fal', 'pra', 'malandr', 'quer', 'cresc', 'olh', 'tá', 'doid', 'vou', 'faz', 'propagand', 'iss', 'med', 'perd', 'am', 'é', 'pav', 'pav', 'tá', 'doid', 'vou', 'faz', 'propagand', 'iss', 'med', 'perd', 'am', 'é', 'pav', 'é', 'cuid', 'pront', 'acab']",
Balada(TchêTchêRere),GusttavoLima,"['eu', 'lav', 'carr', 'regul', 'som', 'já', 'tá', 'tud', 'prepar', 'vem', 'breg', 'bom', 'menin', 'fic', 'vontad', 'faç', 'fest', 'me', 'lig', 'tard', 'vou', 'ador', 'vam', 'ness', 'gat', 'lig', 'tard', 'bal', 'quer', 'curt', 'madrug', 'danç', 'pul', 'sol', 'rai', 'gat', 'lig', 'tard', 'bal', 'quer', 'curt', 'madrug', 'danç', 'pul', 'hoj', 'vai', 'rol', 'o', 'tch', 'tcher', 'tch', 'tch', 'tcher', 'tch', 'tch', 'tcher', 'tch', 'tch', 'tchereretch', 'tch', 'tch', 'tch', 'gusttav', 'lim', 'tch', 'tcher', 'tch', 'tch', 'tcher', 'tch', 'tch', 'tcher', 'tch', 'tch', 'tchereretch', 'tch', 'tch', 'tch', 'se', 'olh', 'vou', 'quer', 'peg', 'namor', 'curt', 'que', 'hoj', 'vai', 'rol', 'gat', 'lig', 'tard', 'bal', 'quer', 'curt', 'madrug', 'danç', 'pul', 'sol', 'rai', 'gat', 'lig', 'tard', 'bal', 'quer', 'curt', 'madrug', 'danç', 'pul', 'hoj', 'vai', 'rol', 'o', 'tch', 'tcher', 'tch', 'tch', 'tcher', 'tch', 'tch', 'tcher', 'tch', 'tch', 'tchereretch', 'tch', 'tch', 'tch', 'gusttav', 'lim', 'tch', 'tcher', 'tch', 'tch', 'tcher', 'tch', 'tch', 'tcher', 'tch', 'tch', 'tchereretch', 'tch', 'tch', 'tch', 'gusttav', 'lim', 'gat', 'lig', 'tard', 'bal', 'quer', 'curt', 'madrug', 'danç', 'pul', 'sol', 'rai', 'gat', 'lig', 'tard', 'bal', 'tem', 'gusttav', 'lim', 'madrug', 'danç', 'pul', 'hoj', 'vai', 'rol', 'o', 'tch', 'tcher', 'tch', 'tch', 'tcher', 'tch', 'tch', 'tcher', 'tch', 'tch', 'tchereretch', 'tch', 'tch', 'tch', 'gusttav', 'lim', 'tch', 'tcher', 'tch', 'tch', 'tcher', 'tch', 'tch', 'tcher', 'tch', 'tch', 'tchereretch', 'tch', 'tch', 'tch', 'se', 'olh', 'vou', 'quer', 'peg', 'namor', 'curt', 'que', 'hoj', 'vai', 'rol', 'gat', 'lig', 'tard', 'bal', 'quer', 'curt', 'madrug', 'danç', 'pul', 'sol', 'rai', 'gat', 'lig', 'tard', 'bal', 'quer', 'curt', 'madrug', 'danç', 'pul', 'hoj', 'vai', 'rol', 'tch', 'tcher', 'tch', 'tch', 'tcher', 'tch', 'tch', 'tcher', 'tch', 'tch', 'tcher', 'tch', 'tch', 'tch', 'tch', 'gusttav', 'lim', 'tch', 'tcher', 'tch', 'tch', 'tcher', 'tch', 'tch', 'tcher', 'tch', 'tch', 'tchereretch', 'tch', 'tch', 'tch', 'gusttav', 'lim']",
GuerraFria,SorrisoMaroto,"['eu', 'odei', 'sai', 'bat', 'port', 'escut', 'mas', 'ador', 'sempr', 'arrepend', 'volt', 'ped', 'pra', 'fic', 'sempr', 'age', 'impuls', 'dom', 'fer', 'mas', 'temp', 'faz', 'sorr', 'eu', 'odei', 'mex', 'cois', 'vasculh', 'ped', 'mas', 'ador', 'dá', 'car', 'assim', 'faz', 'dorm', 'muit', 'vez', 'durm', 'vontad', 'afast', 'mas', 'acord', 'doid', 'pra', 'encontr', 'uma', 'guerr', 'fri', 'dentr', 'peit', 'não', 'encontr', 'jeit', 'pra', 'gent', 'viv', 'paz', 'já', 'pens', 'deix', 'pra', 'sempr', 'só', 'amo', 'demal', 'deix', 'futur', 'val', 'risc', 'jur', 'nunc', 'ame', 'ninguém', 'assim', 'até', 'mal', 'faz', 'bem', 'pra', 'mim', 'eu', 'odei', 'mex', 'cois', 'vasculh', 'ped', 'mas', 'ador', 'dá', 'car', 'assim', 'faz', 'dorm', 'muit', 'vez', 'durm', 'vontad', 'afast', 'mas', 'acord', 'doid', 'pra', 'encontr', 'uma', 'guerr', 'fri', 'dentr', 'peit', 'não', 'encontr', 'jeit', 'pra', 'gent', 'viv', 'paz', 'já', 'pens', 'deix', 'pra', 'sempr', 'só', 'amo', 'demal', 'deix', 'futur', 'val', 'risc', 'jur', 'nunc', 'ame', 'ninguém', 'assim', 'até', 'mal', 'faz', 'bem', 'pra', 'mim']",
Milu,GusttavoLima,"['qu', 'cai', 'vez', 'vai', 'cair', 'trê', 'só', 'to', 'caind', 'déc', 'vez', 'decid', 'vou', 'esquec', 'cê', 'fal', 'ama', 'pra', 'prend', 'se', 'sent', 'am', 'tant', 'cê', 'sab', 'faz', 'se', 'dess', 'am', 'tant', 'dá', 'praz', 'mas', 'vem', 'vai', 'quer', 'alg', 'cê', 'fic', 'milu', 'milu', 'ilud', 'fic', 'fic', 'bar', 'caind']",
ArCondicionadono15,WesleySafadão,"['cinc', 'dia', 'uma', 'hor', 'dez', 'minut', 'que', 'vej', 'o', 'relógi', 'cont', 'hor', 'enquant', 'cont', 'ded', 'tod', 'beij', 'que', 'dei', 'saudad', 'acumul', 'acumul', 'sei', 'até', 'pont', 'eu', 'vou', 'aguent', 'eu', 'tô', 'fic', 'louc', 'só', 'imagin', 'já', 'pens', 'o', 'ar', 'condicion', 'gent', 'su', 'tv', 'volum', 'alt', 'gent', 'am', 'o', 'cê', 'tá', 'esper', 'um', 'dia', 'parec', 'ano']",
"Farra,PingaeFoguete",BrunoeBarretto,"['hoj', 'quer', 'dia', 'sosseg', 'quer', 'paz', 'sent', 'cheir', 'o', 'lembr', 'é', 'tud', 'planej', 'acord', 'ced', 'trabalh', 'peg', 'ônibu', 'ir', 'pra', 'cas', 'descans', 'mas', 'tod', 'fim', 'tard', 'gal', 'aci', 'era', 'pra', 'tom', 'mas', 'nov', 'deu', 'zon', 'as', 'luz', 'pisc', 'jukebox', 'toc', 'am', 'batist', 'pau', 'tá', 'quebr', 'ir', 'trabalh', 'amanhã', 'cacet', 'hoj', 'farr', 'ping', 'foguet', 'as', 'luz', 'pisc', 'jukebox', 'toc', 'com', 'brun', 'barrett', 'pau', 'tá', 'quebr', 'ir', 'trabalh', 'amanhã', 'cacet', 'hoj', 'farr', 'ping', 'foguet']",
IgualElaSóUma,WesleySafadão,"['tá', 'mand', 'olh', 'quê', 'não', 'vê', 'compromiss', 'meu', 'statu', 'tá', 'val', 'quê', 'cê', 'qu', 'pôr', 'namor', 'risc', 'já', 'oportun', 'aproveit', 'vacil', 'ving', 'am', 'agor', 'tá', 'pens', 'diz', 'vem', 'cá', 'vou', 'cê', 'qu', 'ver', 'tra', 'bem', 'nananim', 'vem', 'igual', 'igual', 'cê', 'qu', 'ver', 'tra', 'bem', 'nananim', 'vem', 'igual', 'igual', 'cê', 'qu', 'ver', 'tra', 'bem', 'nananim', 'vem', 'igual', 'igual', 'cê', 'qu', 'ver', 'tra', 'bem', 'nananim', 'vem', 'igual', 'igual']",
Beijodevaranda,BrunoeMarrone,"['tod', 'sant', 'dia', 'dia', 'pra', 'esquec', 'acab', 'ouv', 'músic', 'radi', 'tv', 'o', 'diz', 'tav', 'ali', 'faz', 'palavr', 'cruz', 'pra', 'ver', 'temp', 'pass', 'nom', 'aparec', 'agor', 'pouc', 'víde', 'youtub', 'costum', 'sab', 'acontec', 'aquel', 'cen', 'vei', 'acab', 'comig', 'no', 'terc', 'replay', 'convenc', 'que', 'falt', 'nem', 'vou', 'culp', 'vent', 'bagunç', 'se', 'deix', 'janel', 'abert', 'ent', 'culp', 'ai', 'ai', 'entr', 'vid', 'lev', 'tod', 'quer', 'beij', 'varand', 'lua', 'testemunh', 'eu', 'tô', 'ciúm', 'o', 'vent', 'dev', 'est', 'us', 'perfum']",
Umbeijo,LuanSantana,"['sai', 'cant', 'chuv', 'eu', 'car', 'feliz', 'mund', 'int', 'noit', 'perfeit', 'tá', 'hor', 'quer', 'encontr', 'frent', 'espelh', 'tô', 'ensai', 'melhor', 'form', 'diz', 'tô', 'am', 'ess', 'chanc', 'agor', 'poss', 'err', 'mas', 'bem', 'hor', 'fal', 'trav', 'comec', 'gaguej', 'saíd', 'deix', 'acontec', 'o', 'coraçã', 'entreg', 'um', 'beij', 'fal', 'mil', 'palavr', 'um', 'toqu', 'bem', 'poes', 'no', 'olh', 'enxerg', 'alm', 'sua', 'fal', 'lind', 'melod', 'ninguém', 'sab', 'explic', 'am', 'ninguém', 'vai', 'ser', 'feliz', 'ser', 'am', 'meu', 'coraçã', 'vez', 'entreg', 'confess', 'apaixon', 'mas', 'bem', 'hor', 'fal', 'trav', 'comec', 'gaguej', 'saíd', 'deix', 'acontec', 'o', 'coraçã', 'entreg', 'um', 'beij', 'fal', 'mil', 'palavr', 'um', 'toqu', 'bem', 'poes', 'no', 'olh', 'enxerg', 'alm', 'sua', 'fal', 'lind', 'melod', 'ninguém', 'sab', 'explic', 'am', 'ninguém', 'vai', 'ser', 'feliz', 'ser', 'am', 'meu', 'coraçã', 'vez', 'entreg', 'confess', 'apaixon']",
LêLêLê,JoãoNeto&Frederico,"['plen', 'sexta-f', 'tent', 'distra', 'cheg', 'bal', 'tod', 'lind', 'vi', 'voc', 'camarot', 'rod', 'pedaç', 'caç', 'jeit', 'invad', 'espaç', 'não', 'gran', 'fam', 'não', 'carr', 'to', 'caron', 'o', 'cart', 'bloque', 'limit', 'tá', 'estour', 'sou', 'simpl', 'garant', 'eu', 'sei', 'faz', 'lê', 'lê', 'lê', 'lê', 'lê', 'lê', 'lê', 'lê', 'lê', 'se', 'peg', 'vai', 'ver', 'lê', 'lê', 'lê', 'lê', 'lê', 'lê', 'voc', 'jamal', 'vai', 'esquec', '[', 'x2', ']']",
Tijolão,Jorge&Mateus,"['eu', 'conhec', 'gent', 'larg', 'ser', 'ond', 'arrum', 'tod', 'ódi', 'mim', 'agor', 'to', 'aqu', 'bar', 'currutel', 'abr', 'cervej', 'dent', 'tent', 'pass', 'pra', 'frent', 'der', 'porqu', 'bloqu', 'pra', 'par', 'chor', 'cim', 'tel', 'eu', 'vou', 'troc', 'celul', 'nok', 'tijol', 'que', 'mand', 'mens', 'faz', 'lig', 'se', 'ver', 'víde', 'send', 'feliz', 'cert', 'vid', 'vai', 'tá', 'triz', 'me', 'mat', 'internet', 'vir', 'arm', 'mão']",
EuEra,MarcoseBelutti,"['aí', 'escolh', 'melhor', 'roup', 'aí', 'arrum', 'cabel', 'sai', 'amig', 'louc', 'que', 'diz', 'bom', 'vid', 'ser', 'solt', 'me', 'diz', 'adiant', 'algum', 'cois', 'procur', 'alívi', 'passag', 'beij', 'uma', 'quatr', 'cinc', 'boc', 'com', 'beij', 'têm', 'gost', 'beij', 'aí', 'lembr', 'mim', 'jeit', 'aí', 'lembr', 'mim', 'jeit', 'beij', 'boc', 'err', 'lembr', 'boc', 'cert', 'entr', 'gel', 'lembr', 'cobert', 'sab', 'alguém', 'perfeit', 'que', 'tant', 'esper', 'eu', 'eu', 'aí', 'lembr', 'gent', 'complet', 'vai', 'volt', 'pra', 'mim', 'se', 'pouc', 'espert', 'porqu', 'alguém', 'perfeit', 'que', 'tant', 'esper', 'eu', 'eu', 'aí', 'escolh', 'melhor', 'roup', 'aí', 'arrum', 'cabel', 'sai', 'amig', 'louc', 'que', 'diz', 'bom', 'vid', 'ser', 'solt', 'me', 'diz', 'adiant', 'algum', 'cois', 'procur', 'alívi', 'passag', 'beij', 'uma', 'quatr', 'cinc', 'boc', 'com', 'beij', 'têm', 'gost', 'beij', 'aí', 'lembr', 'mim', 'jeit', 'aí', 'lembr', 'mim', 'jeit', 'beij', 'boc', 'err', 'lembr', 'boc', 'cert', 'entr', 'gel', 'lembr', 'cobert', 'sab', 'alguém', 'perfeit', 'que', 'tant', 'esper', 'eu', 'eu', 'aí', 'lembr', 'gent', 'complet', 'vai', 'volt', 'pra', 'mim', 'se', 'pouc', 'espert', 'porqu', 'alguém', 'perfeit', 'que', 'tant', 'esper', 'eu', 'eu', 'beij', 'boc', 'err', 'lembr', 'boc', 'cert', 'entr', 'gel', 'lembr', 'cobert', 'sab', 'alguém', 'perfeit', 'que', 'tant', 'esper', 'eu', 'eu', 'aí', 'lembr', 'gent', 'complet', 'vai', 'volt', 'pra', 'mim', 'se', 'pouc', 'espert', 'porqu', 'alguém', 'perfeit', 'que', 'tant', 'esper', 'eu', 'eu']",
QuePenaQueAcabou,GusttavoLima,"['que', 'pen', 'que', 'acab', 'que', 'pen', 'acab', 'uô', 'uô', 'uô', 'uô', 'coraçã', 'chor', 'uô', 'uô', 'uô', 'uô', 'que', 'pen', 'acab', 'uô', 'uô', 'aind', 'corag', 'arrum', 'cam', 'que', 'gent', 'fez', 'am', 'últ', 'vez', 'últ', 'vez', 'o', 'cheir', 'lençol', 'memór', 'cal', 'corp', 'debaix', 'cober', 'que', 'gent', 'fez', 'am', 'ser', 'aind', 'pens', 'mim', 'ser', 'cas', 'fim', 'quer', 'ouv', 'precis', 'sab', 'independ', 'decis', 'quer', 'fal', 'fund', 'coraçã', 'que', 'val', 'pen', 'tud', 'gent', 'viv', 'que', 'pen', 'acab', 'uô', 'uô', 'uô', 'uô', 'coraçã', 'chor', 'uô', 'uô', 'uô', 'uô', 'que', 'pen', 'acab', 'uô', 'uô', 'uô', 'uô', 'mas', 'aind', 'exist', 'am', 'uô', 'uô', 'uô', 'uô', 'que', 'pen', 'que', 'acab', 'uô', 'uô', 'aind', 'corag', 'arrum', 'cam', 'que', 'gent', 'fez', 'am', 'últ', 'vez', 'últ', 'vez', 'o', 'cheir', 'lençol', 'memór', 'cal', 'corp', 'debaix', 'cober', 'que', 'gent', 'fez', 'am', 'ser', 'aind', 'pens', 'mim', 'ser', 'cas', 'fim', 'quer', 'ouv', 'precis', 'sab', 'independ', 'decis', 'quer', 'fal', 'fund', 'coraçã', 'que', 'val', 'pen', 'tud', 'gent', 'viv', 'que', 'pen', 'acab', 'uô', 'uô', 'uô', 'uô', 'coraçã', 'chor', 'uô', 'uô', 'uô', 'uô', 'que', 'pen', 'acab', 'uô', 'uô', 'uô', 'uô', 'que', 'pen', 'acab', 'uô', 'uô', 'uô', 'uô', 'coraçã', 'chor', 'uô', 'uô', 'uô', 'uô', 'que', 'pen', 'acab', 'uô', 'uô', 'uô', 'uô', 'mas', 'aind', 'exist', 'am', 'uô', 'uô', 'uô', 'uô', 'que', 'pen', 'que', 'acab', 'uô', 'uô', 'que', 'pen', 'que', 'acab']",
QuemMeDera,MárciaFellipeftJerrySmith,"['não', 'reconhec', 'cas', 'plen', 'feri', 'até', 'garçom', 'sent', 'falt', 'lig', 'preocup', 'é', 'agor', 'pens', 'não', 'apaixon', 'eu', 'fal', 'séri', 'eu', 'quer', 'ninguém', 'mas', 'quis', 'quer', 'dorm', 'conch', 'nem', 'pis', 'fest', 'deu', 'livr', 'der', 'post', 'fot', 'junt', 'os', 'contat', 'deu', 'livr', 'der', 'eu', 'press', 'vi', 'o', 'coraçã', 'esper', 'eu', 'press', 'jerry', 'smith', 'se', 'vi', 'coraçã', 'esper', 'márc', 'fellip', 'fenomen', 'dess', 'jeit', 'piqu', 'é', 'piqu', 'hein', 'piqu', 'hein', 'reconhec', 'cas', 'plen', 'feri', 'garçom', 'sent', 'falt', 'lig', 'preocup', 'é', 'agor', 'pens', 'não', 'apaixon', 'eu', 'fal', 'séri', 'eu', 'quer', 'ninguém', 'mas', 'quis', 'quer', 'dorm', 'conch', 'nem', 'pis', 'fest', 'deu', 'livr', 'der', 'post', 'fot', 'junt', 'contat', 'deu', 'livr', 'der', 'eu', 'press', 'vi', 'o', 'coraçã', 'esper', 'eu', 'press', 'márc', 'vi', 'o', 'jerry', 'smith', 'esper', 'dess', 'jeit', 'marc', 'marc', 'oi', 'oi', 'é', 'jerry', 'smith', 'pap']",
VaiVendo,LucasLucco,"['voc', 'ach', 'ia', 'sofr', 'plan', 'b.', 'sab', 'nad', 'agend', 'tav', 'disfarç', 'lug', 'hom', 'mulh', 'restaurant', 'cabaré', 'sab', 'nad', 'engan', 'compr', 'ilusã', 'ach', 'ia', 'afund', 'solid', 'ess', 'arroch', 'pra', 'ach', 'tav', 'aqu', 'sofr', 'uh', 'vai', 'vend', 'uh', 'eu', 'tô', 'solt', 'bal', 'aqu', 'cour', 'tá', 'com', 'uh', 'vai', 'vend', 'uh', 'enquant', 'ta', 'cas', 'to', 'aqu', 'bar', 'beb', 'uh', 'vai', 'vend', 'uh', 'post', 'fot', 'gat', 'pra', 'fic', 'sab', 'uh', 'vai', 'vend', 'uh', 'voc', 'ach', 'ia', 'sofr', 'plan', 'b.', 'sab', 'nad', 'agend', 'tav', 'disfarç', 'lug', 'hom', 'mulh', 'restaurant', 'cabaré', 'sab', 'nad', 'engan', 'compr', 'ilusã', 'ach', 'ia', 'afund', 'solid', 'ess', 'arroch', 'pra', 'ach', 'tav', 'aqu', 'sofr', 'uh', 'vai', 'vend', 'uh', 'eu', 'tô', 'solt', 'bal', 'aqu', 'cour', 'tá', 'com', 'uh', 'vai', 'vend', 'uh', 'enquant', 'ta', 'cas', 'to', 'aqu', 'bar', 'beb', 'uh', 'vai', 'vend', 'uh', 'post', 'fot', 'gat', 'pra', 'fic', 'sab', 'uh', 'vai', 'vend', 'uh']",
QuemEnsinouFuiEu,MaiaraeMaraisa,"['tá', 'tir', 'ond', 'aí', 'ex', 'nam', 'pass', 'boc', 'coit', 'caiu', 'convers', 'mas', 'dou', 'mê', 'parec', 'replay', 'gent', 'larg', 'arrum', 'troux', 'pra', 'pass', 'cium', 'mim', 'outr', 'vez', 'dou', 'mê', 'parec', 'replay', 'tá', 'ach', 'rod', 'se', 'beij', 'gost', 'dá', 'amass', 'cabul', 'qu', 'ensin', 'qu', 'ensin', 'se', 'faz', 'noit', 'int', 'ped', 'pra', 'fal', 'beste', 'qu', 'ensin', 'ensin', 'tá', 'tir', 'ond', 'aí', 'ex', 'nam', 'pass', 'boc', 'coit', 'caiu', 'convers', 'mas', 'dou', 'mê', 'parec', 'replay', 'gent', 'larg', 'arrum', 'troux', 'pra', 'pass', 'cium', 'mim', 'outr', 'vez', 'dou', 'mê', 'parec', 'replay', 'tá', 'ach', 'rod', 'se', 'beij', 'gost', 'dá', 'amass', 'cabul', 'qu', 'ensin', 'qu', 'ensin', 'se', 'faz', 'noit', 'int', 'ped', 'pra', 'fal', 'beste', 'qu', 'ensin', 'ensin', 'tá', 'tir', 'ond', 'aí', 'ex', 'nam', 'pass', 'boc', 'coit', 'caiu', 'convers', 'mas', 'dou', 'mê', 'parec', 'replay', 'gent', 'larg', 'arrum', 'troux', 'pra', 'pass', 'ciúm', 'mim', 'outr', 'vez', 'dou', 'mê', 'parec', 'replay', 'tá', 'ach', 'rod', 'se', 'beij', 'gost', 'dá', 'amass', 'cabul', 'qu', 'ensin', 'qu', 'ensin', 'se', 'faz', 'noit', 'int', 'ped', 'pra', 'fal', 'beste', 'qu', 'ensin', 'ensin']",
Aslembrançasvãonamala,LuanSantana,"['independ', 'do', 'diss', 'agor', 'quer', 'deix', 'clar', 'algum', 'cois', 'pra', 'independ', 'se', 'deu', 'cert', 'histór', 'não', 'quer', 'fiqu', 'comig', 'por', 'dó', 'faz', 'sofr', 'orgulh', 'eu', 'me', 'ajoelh', 'pra', 'ter', 'coraçã', 'imperfeit', 'sou', 'sim', 'mas', 'dei', 'melhor', 'fim', 'sua', 'consci', 'vai', 'deix', 'dorm', 'poi', 'ninguém', 'faz', 'palhaç', 'pra', 'ver', 'sorr', 'ninguém', 'vai', 'abraç', 'pra', 'ver', 'sol', 'pôr', 'ninguém', 'vai', 'escrev', 'mur', 'histór', 'am', 'sua', 'consci', 'vai', 'deix', 'dorm', 'poi', 'ninguém', 'faz', 'palhaç', 'pra', 'ver', 'sorr', 'ninguém', 'vai', 'abraç', 'pra', 'ver', 'sol', 'pôr', 'ninguém', 'vai', 'escrev', 'mur', 'histór', 'am', 'mas', 'assim', 'quis', 'deix', 'as', 'lembranç', 'vão', 'mal', 'pra', 'atorment']",
