Music;Artist;Text;Language;Url;Search Status
BanhoDeLua;CellyCampello;Fui à praia me bronzear, me queimei, escureci Mamãe bronqueou, nada de sol Hoje só quero a luz do luar  (Refrão) Tomo um banho de lua, fico branca como a neve Se o luar é o meu amigo, censurar ninguém se atreve  É tão bom sonhar contigo, oh! Luar tão cândido!  Sob um banho de lua numa noite de esplendor Sinto a força da magia, da magia do amor!  É tão bom sonhar contigo, oh! Luar tão cândido!  Tim, tim, tim, raio de lua, tim, tim, tim, Baixando vem ao mundo Oh! lua, oh! Cândida lua vem  (refrão)  Tim, tim, tim, raio de lua, tim, tim, tim, Baixando vem ao mundo Oh! lua, oh! Cândida lua vem  Sob um banho de lua numa noite de esplendor Sinto a força da magia, da magia do amor! Mas é tão bom sonhar contigo, oh! Luar tão cândido!;PT-BR;https://api.vagalume.com.br/search.php?art= Celly Campello &mus=Banho-De-Lua&apikey=dc668952146a4a25b6d06586e7b69708;aprox
AsCurvasdaEstradadeSantos;RobertoCarlos;A música de autoria do compositor Roberto Carlos foi removida por solicitação dos titulares da obra.  Nossa equipe está em contato com os detentores deste conteúdo para liberar a publicação.  Publicação desabilitada a pedido do artista;PT-BR;https://api.vagalume.com.br/search.php?art= Roberto Carlos &mus=As-Curvas-da-Estrada-de-Santos&apikey=dc668952146a4a25b6d06586e7b69708;aprox
Otrovadordetoledo;GildaLopes;Nas noites enluaradas Na formosa Toledo Alguém esconde segredo Um amor proibido E uma janela apagada É o que restou, mais nada! Dentre as lembranças que a noite Consigo guardou um dia E nas trovas de amor Que então vai dizendo Fala de um coração cheio de ternura Que esquecer procura Um amor negado E cala em segredo, infinda amargura E o trovador de Toledo Pelas noites escuta E toda gente pergunta Qual será o segredo De uma janela apagada De um balcão deserto De uma paixão sufocada Por quem está longe e perto Mas no seu coração cheio de amargura Guarda o trovador, uma esperança Sem saber o carinho que então procura Já é de outro e que a espera É inútil, inútil;PT-BR;https://api.vagalume.com.br/search.php?art= Gilda Lopes &mus=O-trovador-de-toledo&apikey=dc668952146a4a25b6d06586e7b69708;aprox
Tremdasonze;Demôniosdagaroa;Quais, quais, quais, quais, quais, quais, Quaiscalingudum Quaiscalingudum Quaiscalingudum   Não posso ficar Nem mais um minuto com você Sinto muito amor Mas não pode ser. Moro em Jaçanã, Se eu perder esse trem,  Que sai agora às onze horas, Só amanhã de manhã.   Não posso ficar, Nem mais um minuto com você, Sinto muito amor, Mas não pode ser. Moro em Jaçanã, Se eu perder esse trem,  Que sai agora às onze horas, Só amanhã de manhã.  E além disso mulher, Tem outra coisa, Minha mãe não dorme Enquanto eu não chegar. Sou filho único, Tenho minha casa pra olhar.   Eu não posso ficar. Não posso ficar, Nem mais um minuto com você, Sinto muito amor Mas não pode ser. Moro em Jaçanã, Se eu perder esse trem,  Que sai agora às onze horas, Só amanhã de manhã.  E além disso mulher, Tem outra coisa, Minha mãe não dorme, Enquanto eu não chegar. Sou filho único, Tenho minha casa pra olhar. Quais, quais, quais, quais, quais, quais, Quaiscalingudum Quaiscalingudum Quaiscalingudum  Quais, quais, quais, quais, quais, quais, Quaiscalingudum Quaiscalingudum Quaiscalingudum;PT-BR;https://api.vagalume.com.br/search.php?art= Demonios da garoa &mus=Trem-das-onze&apikey=dc668952146a4a25b6d06586e7b69708;aprox
Queroquevátudoproinferno;RobertoCarlos;De que vale o céu azul e o sol sempre a brilhar, Se você não vem e eu estou a lhe esperar. Só tenho você, no meu pensamento, E a sua ausência, é todo meu tormento. Quero que você, me aqueça neste inverno, E que tudo mais vá pro inferno.  De que vale a minha boa vida de play-boy, Se entro no meu carro e a solidão me dói. Onde quer que eu ande, tudo é tão triste, Não me interessa, o que de mais existe. Quero que você, me aqueça neste inverno, E que tudo mais vá pro inferno.  Não suporto mais, você longe de mim, Quero até morrer, do que viver assim. Só quero que você me aqueça neste inverno, E que tudo mais vá pro inferno.   INSTRUMENTAL   Não suporto mais, você longe de mim, Quero até morrer, do que viver assim. Só quero que você, me aqueça neste inverno, E que tudo mais vá pro inferno.   E que tudo mais vá pro inferno. UOOOOOO E que tudo mais vá pro inferno. UOOOOOO;PT-BR;https://api.vagalume.com.br/search.php?art= Roberto Carlos &mus=Quero-que-va-tudo-pro-inferno&apikey=dc668952146a4a25b6d06586e7b69708;aprox
Prelúdioparaninargentegrande;LuizVieira;Quando estou nos braços teus Sinto o mundo bocejar Quando estou nos braços teus Sinto a vida descansar  No calor do teu carinho Sou menino passarinho... Com vontade de voar... Sou menino passarinho Com vontade de voar.  Repete tudo.;PT-BR;https://api.vagalume.com.br/search.php?art= Luiz Vieira &mus=Preludio-para-ninar-gente-grande&apikey=dc668952146a4a25b6d06586e7b69708;aprox
Sonharcontigo;AdilsonRamos;Sonhar contigo, por toda vida Sonhar contigo, meu amor, minha querida Viver pensando em ti somente Viver te amando ser só teu eternamente  Este é o meu maior desejo Tomar tuas mãos, calar tua voz Num longo beijo E ter-te sempre, bem junto a mim Viver te amando, ser só teu até o fim;PT-BR;https://api.vagalume.com.br/search.php?art= Adilson Ramos &mus=Sonhar-contigo&apikey=dc668952146a4a25b6d06586e7b69708;aprox
OCalhambeque;RobertoCarlos;"Mandei meu cadillac pro mecânico outro dia Pois há muito tempo um conserto ele pedia Como vou viver sem meu carango pra correr Meu cadillac, bip, bip, quero consertar o cadillac  Com muita paciência o rapaz me ofereceu Um carro todo velho que por lá apareceu Enquanto o cadillac consertava eu usava O calhambeque, bip, bip,  quero buzinar o calhambeque  Saí da oficina um pouquinho desolado Confesso que estava até um pouco envergonhado Olhando para o lado com a cara de malvado O calhambeque, bip, bip, buzinei assim o calhambeque  E logo uma garota fez sinal para  parar E no meu calhambeque fez questão de passear Não sei o que pensei, mas eu não acreditei Que o calhambeque, bip, bip, o broto quis andar no calhambeque  E muitos outros brotos que encontrei pelo caminho Falavam ""que estouro, que beleza de carrinho"" E fui me acostumando e do carango fui gostando O calhambeque, bip, bip, quero conservar o calhambeque  Mas o cadillac finalmente ficou pronto Lavado, consertado, bem pintado, um encanto Mas o meu coração na hora exata de trocar O calhambeque, bip, bip Meu coração ficou com o calhambeque";PT-BR;https://api.vagalume.com.br/search.php?art= Roberto Carlos &mus=O-Calhambeque&apikey=dc668952146a4a25b6d06586e7b69708;aprox
Coraçãodepapel;SérgioReis;Se você pensa que meu coração é de papel não vá pensando pois não é ele é igualzinho ao seu e sofre como eu  porque fazer chorar assim a quem lhe ama  Se você pensa em fazer chorar a quem lhe quer a quem só pensa em você um dia sentirá que amar é bom demais  não jogue o amor ao léu meu coração que não é de papel  Porque fazer chorar                             Porque fazer sofrer um coração que só lhe quer  O amor é lindo eu sei                                            e todo eu lhe dei você não quis jogou ao léu meu coração que não é de papel [BIS]  não é ah ah meu coração que não é de papel;PT-BR;https://api.vagalume.com.br/search.php?art= Sergio Reis &mus=Coracao-de-papel&apikey=dc668952146a4a25b6d06586e7b69708;aprox
ANoitedomeubem;DoloresDuran;Hoje eu quero a rosa mais linda que houver E a primeira estrela que vier Para enfeitar a noite do meu bem Hoje eu quero paz de criança dormindo E abandono de flores se abrindo Para enfeitar a noite do meu bem Quero a alegria de um barco voltando Quero ternura de mãos se encontrando Para enfeitar a noite do meu bem Ah! eu quero o amor, o amor mais profundo E quero toda beleza do mundo Para enfeitar a noite do meu bem Ah! como este bem demorou a chegar Eu já nem sei se terei no olhar Toda pureza que eu quero lhe dar.;PT-BR;https://api.vagalume.com.br/search.php?art= Dolores Duran &mus=A-Noite-do-meu-bem&apikey=dc668952146a4a25b6d06586e7b69708;aprox
RuaAugusta;RonnieCord;Rua Augusta Ronnie Cord  Entrei na Rua Augusta a 120 por hora Botei a turma toda do passeio pra fora Fiz curva em duas rodas sem usar a buzina Parei a quatro dedos da vitrina  Hay, hay, Johnny Hay, hay, Alfredo Quem é da nossa gang não tem medo Hay, hay, Johnny Hay, hay, Alfredo                  Quem é da nossa gang não tem medo  Meu carro não tem breque, não tem luz,não tem buzina Tem três carburadores, todos os três envenenados Só pára na subida quando acaba a gasolina Só passa se tiver sinal fechado  Toquei a 130 com destino à cidade No Anhangabaú eu botei mais velocidade Com três pneus carecas derrapando na raia Subi a galeria Prestes Maia Tremendão  Hay, hay, Johnny Hay, hay, Alfredo Quem é da nossa gang não tem medo Hay, hay, Johnny Hay, hay, Alfredo Quem é da nossa gang não tem medo;PT-BR;https://api.vagalume.com.br/search.php?art= Ronnie Cord &mus=Rua-Augusta&apikey=dc668952146a4a25b6d06586e7b69708;aprox
ABanda;NaraLeão;Estava à toa na vida, o meu amor me chamou  Pra ver a banda passar cantando coisas de amor  A minha gente sofrida despediu-se da dor   Pra ver a banda passar cantando coisas de amor  O homem sério que contava dinheiro parou  O faroleiro que contava vantagem parou  A namorada que contava as estrelas parou  Para ver, ouvir e dar passagem   A moça triste que vivia calada sorriu  A rosa triste que vivia fechada se abriu E a meninada toda se assanhou  Pra ver a banda passar cantando coisas de amor    Estribilho      O velho fraco se esqueceu do cansaço e pensou  Que ainda era moço pra sair no terraço e dançou   A moça feia debruçou na janela  Pensando que a banda tocava pra ela   A marcha alegre se espalhou na avenida e insistiu  A lua cheia que vivia escondida surgiu  Minha cidade toda se enfeitou  Pra ver a banda passar cantando coisas de amor  Mas para meu desencanto o que era doce acabou  Tudo tomou seu lugar depois que a banda passou  E cada qual no seu canto, em cada canto uma dor  Depois da banda passar cantando coisas de amor;PT-BR;https://api.vagalume.com.br/search.php?art= Nara Leao &mus=A-Banda&apikey=dc668952146a4a25b6d06586e7b69708;aprox
Baby;GalCosta;Você precisa saber da piscina Da margarina Da Carolina Da gasolina Você precisa saber de mim  Baby baby Eu sei que é assim  Você precisa tomar um sorvete Na lanchonete Andar com a gente Me ver de perto Ouvir aquela canção do Roberto  Baby baby Há quanto tempo  Você precisa aprender inglês Precisa aprender o que eu sei E o que eu não sei mais E o que eu não sei mais  Não sei, comigo vai tudo azul Contigo vai tudo em paz Vivemos na melhor cidade Da América do Sul Da América do Sul  Você precisa Você precisa Não sei Leia na minha camisa  Baby baby I love you.;PT-BR;https://api.vagalume.com.br/search.php?art= Gal Costa &mus=Baby&apikey=dc668952146a4a25b6d06586e7b69708;exact
NamoradadeumAmigoMeu;RobertoCarlos;Estou amando loucamente A namoradinha de um amigo meu Sei que estou errado Mas nem mesmo sei como isso aconteceu Um dia sem querer olhei em seu olhar E disfarcei até pra ninguém notar Não sei mais o que faço Pra ninguém saber que estou gamado assim Se os dois souberem Nem mesmo sei o que eles vão pensar de mim Eu sei que vou sofrer mas tenho que esquecer O que é dos outros não se deve ter Vou procurar alguém que não tenha ninguém Pois comigo aconteceu Gostar da namorada de um amigo meu;PT-BR;https://api.vagalume.com.br/search.php?art= Roberto Carlos &mus=Namorada-de-um-Amigo-Meu&apikey=dc668952146a4a25b6d06586e7b69708;GoogleSearch OK
Hoje;Taiguara;Hoje Trago em meu corpo as marcas do meu tempo Meu desespero a vida num momento A fossa, a fome, a flor, o fim do mundo  Hoje Trago no olhar imagens distorcidas Cores, viagens, mãos desconhecidas Trazem a lua, a rua às minhas mãos  Mas hoje, As minhas mãos enfraquecidas e vazias Procuram nuas pelas luas, pelas ruas Na solidão das noites frias por você  Hoje Homens sem medo aportam no futuro Eu tenho medo acordo e te procuro Meu quarto escuro é inerte como a morte  Hoje Homens de aço esperam da ciência Eu desespero e abraço a tua ausência Que é o que me resta, vivo em minha sorte  Ah, sorte Eu não queria a juventude assim perdida Eu não queria andar morrendo pela vida Eu não queria amar assim Como eu te amei;PT-BR;https://api.vagalume.com.br/search.php?art= Taiguara &mus=Hoje&apikey=dc668952146a4a25b6d06586e7b69708;exact
Esmeralda;CarlosJosé;Esmeralda     Vestida de noiva, com véu e grinalda Lá vai esmeralda, casar na igreja Deus queira que os anjos não cantem pra ela E lá na capela seu vigário não esteja Deus queira que a noite, na hora da festa Não venha orquestra, não venha ninguém Pra ver Esmeralda, com véu e grinalda Nos braços de outro que não é seu bem Quem devia casar com ela, era eu, sim senhor Quem devia casar com ela, era eu, seu amor   Coral: Vestida de noiva, com véu e grinalda Lá vai esmeralda, casar na igreja Deus queira que os anjos não cantem pra ela E lá na capela seu vigário não esteja  Deus queira que a noite, na hora da festa Não venha orquestra, não venha ninguém Pra ver Esmeralda, com véu e grinalda Nos braços de outro que não é seu bem Quem devia casar com ela, era eu, sim senhor Quem devia casar com ela, era eu, seu amor;PT-BR;https://api.vagalume.com.br/search.php?art= Carlos Jose &mus=Esmeralda&apikey=dc668952146a4a25b6d06586e7b69708;exact
Ficacomigoessanoite;NelsonGonçalves;Fica comigo está noite E não te arrependerás Lá fora o frio é um açoite Calor aqui tu terás Terás meus beijos de amor Minhas carícias terás Fica comigo está noite E não te arrependerás Quero em teus braços querida Adormecer e sonhar Esquecer que nos deixamos Sem nos querermos deixar Tu ouvirás o que eu digo Eu ouvirei o que dizes Fica comigo está noite E então seremos felizes Quero em teus braços querida Adormecer e sonhar Esquecer que nos deixamos Sem nos querermos deixar Tu ouvirás o que eu digo E eu ouvirei o dizes Fica comigo está noite E então seremos felizes;PT-BR;https://api.vagalume.com.br/search.php?art= Nelson Goncalves &mus=Fica-comigo-essa-noite&apikey=dc668952146a4a25b6d06586e7b69708;GoogleSearch OK
Fazmerir;EdithVeiga;Como podes pensar que te quero? Como podes sonhar com o meu amor? Se uma vez eu te dei meu carinho E a tua ilusão, encheu-me de dor Não é dizer que eu sou vaidosa Mas, estou orgulhosa de ser. A mulher que outros homens pretendem E a ti não quero voltar a querer  Faz-me rir o que andas dizendo Que te adoro, que morro por ti Não te enganes dizendo mentiras Não te enganes, não te faças rir  Até parece impossível que um dia Foste o homem sonhado por mim Esta cínica farsa de agora Faz-me rir, ai...faz-me rir...;PT-BR;https://api.vagalume.com.br/search.php?art= Edith Veiga &mus=Faz-me-rir&apikey=dc668952146a4a25b6d06586e7b69708;aprox
RitmodeChuva;Demétrius;Olho para a chuva Que não quer cessar Nela vejo o meu amor Esta chuva ingrata Que não vai parar Pra aliviar a minha dor Eu sei que o meu amor Pra muito longe foi Numa chuva que caiu O gente por favor Pra ela vai voltar Que o meu coração se partiu Chuva traga o meu benzinho Pois preciso de carinho Diga a ela pra não Me deixar triste assim O ritimo dos pingos Ao cair no chão Só me deixa relembrar Tomara que eu não fique A esperar em vão Por ela que me faz chorar Chuva traga o meu benzinho Pois preciso de carinho Diga a ela pra não Me deixar triste assim O ritimo dos pingos Ao cair no chão Só me deixa relembrar Tomara que eu não fique A esperar em vão Por ela que me faz chorar Oh, chuva traga o meu amor Chuve, chuva traga o meu amor Ouça me chuva e traga o meu amor...;PT-BR;https://api.vagalume.com.br/search.php?art= Demetrius &mus=Ritmo-de-Chuva&apikey=dc668952146a4a25b6d06586e7b69708;GoogleSearch OK
VoltaPorCima;NoiteIlustrada;Chorei, não procurei esconder Todos viram, fingiram Pena de mim, não precisava Ali onde eu chorei Qualquer um chorava Dar a volta por cima que eu dei Quero ver quem dava Um homem de moral não fica no chão Nem quer que mulher Lhe Venha dar a mão Reconhece a queda e não desanima Levanta, sacode a poeira dá a volta por cima;PT-BR;https://api.vagalume.com.br/search.php?art= Noite Ilustrada &mus=Volta-Por-Cima&apikey=dc668952146a4a25b6d06586e7b69708;aprox
SentimentalDemais;AltemarDutra;Sentimental eu sou   Eu sou demais   Eu sei que sou assim  Porque assim ela me faz As músicas que eu Vivo a cantar Tem o sabor igual Por isso é que se diz Como ele é sentimental     Romântico é sonhar E eu sonho assim       Cantando estas canções  Para quem ama igual a mim  E quem achar alguém Como eu achei Verá que é natural Ficar como eu fiquei Cada vez mais        sentimental;PT-BR;https://api.vagalume.com.br/search.php?art= Altemar Dutra &mus=Sentimental-Demais&apikey=dc668952146a4a25b6d06586e7b69708;aprox
SáMarina;WilsonSimonal;Descendo a rua da ladeira Só quem viu,é que pode contar Cheirando a flor de laranjeira Sá Marina é vem pra dançar  De saia branca costumeira Gira o sol, que parou pra olhar Com seu jeitinho tão faceira Fez o povo inteiro cantar  Roda pela vida afora E põe pra fora esta alegria Dança que amanhece o dia prá se cantar Gira, que essa gente aflita Se agita e segue no seu passo Mostra toda essa poesia do olhar  Deixando versos na partida E só cantigas pra se cantar Naquela tarde de domingo Fez o povo inteiro chorar  E fez o povo inteiro chorar;PT-BR;https://api.vagalume.com.br/search.php?art= Wilson Simonal &mus=Sa-Marina&apikey=dc668952146a4a25b6d06586e7b69708;aprox
MulherDeTrinta;Miltinho;Você, mulher Que já viveu, que só sofreu Não minta Um triste adeus nos olhos seus A gente vê, Mulher de Trinta No meu olhar, na minha voz Um novo mundo, sinta É bom sonhar, sonhemos nós Eu e você, Mulher de Trinta Amanhã sempre vem Eo amanhã pode trazer alguém;PT-BR;https://api.vagalume.com.br/search.php?art= Miltinho &mus=Mulher-De-Trinta&apikey=dc668952146a4a25b6d06586e7b69708;exact
Estãovoltandoasflores;HelenadeLima;Vê, estão voltando as flores  Vê, nessa manhã tão linda             Vê, como é bonita a vida  Vê, há esperança ainda     Vê, as nuvens vão passando  Vê, um novo céu se abrindo   Vê, o sol iluminando  Por onde nos vamos indo.;PT-BR;https://api.vagalume.com.br/search.php?art= Helena de Lima &mus=Estao-voltando-as-flores&apikey=dc668952146a4a25b6d06586e7b69708;aprox
Biquinidebolinhaamarelinha;RonnieCord;Ana Maria entrou na cabine                         E foi vestir um biquíni legal   Mas era tão pequenino o biquíni    Que Ana Maria sentindo-se mau Ai, ai, ai, mas ficou sensacional                     Era um biquíni de bolinha amarelinha tão pequinininho            Mau cabia na Ana Maria    Biquíni de bolinha amarelinha tão pequinininho       Que na palma da mão se escondia     Ana Maria toda envergonhada Não que sair da cabine assim    Ficou com medo que a rapaziada       Olhasse tudo por tim por tim Ai, ai, ai, a garota tá pra mim  Era um biquíni de bolinha amarelinha tão pequinininho  Mau cabia na Ana Maria    Biquíni de bolinha amarelinha tão pequinininho   Que na palma da mão se escondia       Ana Maria olhou-se no espelho                        E fosse quase despida afinal               Ficou com o rosto todinho vermelho       E escondeu o maiô no dedal   Acabou toda folia     Da mocinha da cabine                        Mas quem é que não queria Ver a moça no biquini;PT-BR;https://api.vagalume.com.br/search.php?art= Ronnie Cord &mus=Biquini-de-bolinha-amarelinha&apikey=dc668952146a4a25b6d06586e7b69708;aprox
ChoveChuva;JorgeBenJor;Chove chuva, chove sem parar, chove chuva, chove sem parar Pois eu vou fazer uma prece pra Deus nosso senhor,  Pra chuva parar de molhar o meu divino amor Que é muito lindo, é mais que o infinito, é puro e belo inocente como a flor Por favor chuva ruim, não molhe mais o meu amor assim;PT-BR;https://api.vagalume.com.br/search.php?art= Jorge Ben Jor &mus=Chove-Chuva&apikey=dc668952146a4a25b6d06586e7b69708;aprox
Esqueça;RobertoCarlos;Esqueça se ele não te ama Esqueça se ele não te quer Não chore mais não sofra assim Porque posso te dar amor sem fim Ele não pensa em querer-te Te faz sofrer e até chorar Não chore mais vem pra mim, vem Não sofra, não pense Não chore mais meu bem;PT-BR;https://api.vagalume.com.br/search.php?art= Roberto Carlos &mus=Esqueca&apikey=dc668952146a4a25b6d06586e7b69708;exact
APraça;RonnieVon;Hoje eu acordei com saudades de você Beijei aquela foto que você me ofertou Sentei naquele banco da pracinha só porque Foi lá que começou o nosso amor Senti que os passarinhos todos me reconheceram E eles entenderam toda minha solidão Ficaram tão tristonhos e até emudeceram Aí então eu fiz esta canção A mesma praça, o mesmo banco As mesmas flores, o mesmo jardim Tudo é igual, mas estou triste Porque não tenho você perto de mim Beijei aquela árvore tão linda onde eu Com meu canivete um coração eu desenhei Escrevi no coração meu nome junto ao seu Ser seu grande amor então jurei O guarda ainda é o mesmo que um dia me pegou Roubando uma rosa amarela pra você Ainda tem balanço, tem gangorra meu amor Crianças que não param de correr A mesma praça... Aquele bom velhinho pipoqueiro foi quem viu Quando envergonhado de namoro eu lhe falei Ainda é o mesmo sorveteiro que assistiu Ao primeiro beijo que eu lhe dei A gente vai crescendo, vai crescendo  E o tempo passa E nunca esquece a felicidade que encontrou Sempre eu vou lembrar do nosso banco Lá da praça Foi lá que começou o nosso amor;PT-BR;https://api.vagalume.com.br/search.php?art= Ronnie Von &mus=A-Praca&apikey=dc668952146a4a25b6d06586e7b69708;aprox
Paistropical;WilsonSimonal;"Moro... Num país tropical, Abençoado por Deus E bonito por natureza (Mas que beleza!)  Em fevereiro (Em fevereiro) Tem carnaval (Tem carnaval) Eu tenho um fusca e um violão, Sou Flamengo e tenho uma nêga chamada Tereza  ""Sambaby"", ""Sambaby"" Sou um menino de mentalidade mediana (Pois é) Mas assim mesmo, feliz da vida pois eu não devo nada a ninguém (Pois é) Pois eu sou feliz, muito feliz comigo mesmo...  Moro... Num país tropical, Abençoado por Deus E bonito por natureza (Mas que beleza!)  Em fevereiro (Em fevereiro) Tem carnaval (Tem carnaval) Eu tenho um fusca e um violão, Sou Flamengo e tenho uma nêga chamada Tereza  ""Sambaby"", ""Sambaby"" Eu posso não ser um Band Leader (Pois é) Mas assim mesmo, lá em casa todos meus amigos, meus camaradinhas me respeitam (Pois é) Essa é a razão da simpatia, do poder do algo mais e da alegria...  Moro... Num país tropical, Abençoado por Deus E bonito por natureza (Mas que beleza!)  Em fevereiro (Em fevereiro) Tem carnaval (Tem carnaval) Eu tenho um fusca e um violão, Sou Flamengo e tenho uma nêga chamada Tereza...  ""Mor... No patropi, Abençoá por Dê E boni por naturê (Mas que Belê!)""  ""Em feverê (Em feverê) Tem carná (Tem carná) Eu tenho um fuca um vió Sou flamen e tenho uma nêga chamá Terê Do meu Brasil""";PT-BR;https://api.vagalume.com.br/search.php?art= Wilson Simonal &mus=Pais-tropical&apikey=dc668952146a4a25b6d06586e7b69708;aprox
Meninamoça;TitoMadi;Você botão de rosa Amanhã na flor mulher Jóia preciosa cada um deseja e quer   De manhã banhada ao sol Vem o mar beijar Lua enciumada noite alta vai olhar  Você menina moça Mais menina que mulher Confissões não ouça Abra os olhos se puder  Tudo tem seu tempo certo Tempo para amar Coração aberto faz chorar  A lua, o sol, a praia, o mar Missão de Deus A vida eterna para amar;PT-BR;https://api.vagalume.com.br/search.php?art= Tito Madi &mus=Menina-moca&apikey=dc668952146a4a25b6d06586e7b69708;aprox
Tudodemim;AltemarDutra;De que é feito afinal, Este teu coração, E que espécie de amor, Você deseja dar? Se me humilho demais, Me abaixo até o chão, E ainda fico a dever, Sem lhe contentar.            2 O que mais quer você? Se tudo já lhe dei, E o que resta de mim, Sorrindo te entreguei, Se do pranto do olhar, Nem mesmo tenho mais, Uma gota sequer, Para chorar!             3 Só minha vida, Eu não lhe dou! Como lhe dar? Se morto estou!?  Bisar 2 e 3;PT-BR;https://api.vagalume.com.br/search.php?art= Altemar Dutra &mus=Tudo-de-mim&apikey=dc668952146a4a25b6d06586e7b69708;aprox
OBomRapaz;WanderleyCardoso;Parece que eu sabia Que hoje era o dia de tudo terminar Pois logo notei Quando telefonei Pelo seu jeito de falar Eu nunca pensei Quem eu tanto amei Fosse assim me desprezar Mas o mundo é grande Vou não sei pra onde Alguém há de me amar Já que terminamos Só resta agora o adeus final Te amar demais ser um bom rapaz foi o meu mal;PT-BR;https://api.vagalume.com.br/search.php?art= Wanderley Cardoso &mus=O-Bom-Rapaz&apikey=dc668952146a4a25b6d06586e7b69708;aprox
Marina;CaubiPeixoto;Marina,morena,Marina, Você se pintou, Marina, Você faça tudo,mas faça um favor, Não pinte esse rosto, Que eu gosto e que é só meu, Marina, Você já é bonita,com o que Deus lhe deu.  Me aborreci,me zanguei, Já não posso falar, E quando eu me zango, Marina,não sei perdoar.  Eu já desculpei muita coisa, Você não arranjava outra igual, Desculpe,Marina,morena, Mas eu estou de mal, De mal com você, De mal com você.;PT-BR;https://api.vagalume.com.br/search.php?art= Caubi Peixoto &mus=Marina&apikey=dc668952146a4a25b6d06586e7b69708;exact
SuaveéANoite;MoacyrFranco;É tão calma a noite A noite é de nós dois Ninguém amou assim Nem há de amar depois Quando o amanhã nos separar Em nossa lembrança hão de ficar Beijos de verão, ternuras de luar A brisa a murmurar sua canção Tudo tem suave encanto Quando a noite vem A noite é só nossa  No mundo não há mais ninguém  Beijos de verão, ternuras de luar A brisa a murmurar sua canção Tudo tem suave encanto Quando a noite vem A noite é só nossa No mundo não há mais ninguém;PT-BR;https://api.vagalume.com.br/search.php?art= Moacyr Franco &mus=Suave-e-A-Noite&apikey=dc668952146a4a25b6d06586e7b69708;aprox
Dominique;Giane;Dominique, nique, nique, Sempre alegre esperando alguém que possa amar. O seu príncipe encantado, seu eterno namorado Que não cansa de esperar.  Dominique tem um sonho e alguém pode realizar. Há de vir um cavalheiro que a conduza para o altar.  Dominique, nique, nique, Sempre alegre esperando alguém que possa amar. O seu príncipe encantado,seu eterno namorado Que não cansa de esperar.  Certo dia de passagem na avenida alguém notou O doce olhar de Dominique e ela então se enamorou.  Dominique, nique, nique, Sempre alegre esperando alguém que possa amar. O seu príncipe encantado, seu eterno namorado Que não cansa de esperar.  O rapaz com um sorriso logo pediu sua mão E a visão do paraíso fez pulsar seu coração.  Dominique, nique, nique, Sempre alegre esperando alguém que possa amar. O seu príncipe encantado,seu eterno namorado Que não cansa de esperar.  Apesar da pouca idade, Dominique percebeu Que a maior felicidade foi o amor que Deus lhe deu.  Dominique, nique, nique, Sempre alegre esperando alguém que possa amar. O seu príncipe encantado, seu eterno namorado Que não cansa de esperar.  Mas o tempo foi passando e a verdade apareceu Pois quem vive só sonhando dessa vida se esqueceu.  Dominique, nique, nique, Sempre alegre esperando alguém que possa amar. O seu príncipe encantado, seu eterno namorado Que não cansa de esperar.  Uma lágrima caída a rolar dos olhos seus Numa tarde de Domingo o rapaz lhe disse adeus.  Dominique, nique, nique, Sempre triste a chorar o amor que se acabou. O seu príncipe encantado, seu eterno namorado Que se foi e não voltou.;PT-BR;https://api.vagalume.com.br/search.php?art= Giane &mus=Dominique&apikey=dc668952146a4a25b6d06586e7b69708;exact
HavaNagila;ChubbyChecker;Hava Nagila Hava Nagila, Hava Nagila Venismeja Hava Nagila, Hava Nagila, Hava Nagila Venismeja Hava neranena, Hava neranena Hava neranena, venismeja Hava neranena, Hava neranena Hava neranena, venismeja Uru uru ajim, uru ajim belev samea Uru ajim belev samea Uru ajim belev samea Uru ajiimm...! Uru ajiimm...! Belev samea...! Hava Nagila, Hava Nagila, Hava Nagila Venismeja...! Hava Nagila, Hava Nagila, Hava Nagila Venismeja Hava neranena, Hava neranena, Hava neranena... Venismeja Hava neranena, Hava neranena, Hava neranena. Venismeja. Uru uru, uru ajim belev samea Uru ajim belev samea Uru ajim belev samea Uru ajim, belev samea Uru ajim Uru ajim Venismeja...!;PT-BR;https://api.vagalume.com.br/search.php?art= Chubby Checker &mus=Hava-Nagila&apikey=dc668952146a4a25b6d06586e7b69708;GoogleSearch OK
Meubem;RonnieVon;Se você quiser ouvir então a minha história  Sobre alguém a quem eu muito amei  Só direi que ela deixou sua imagem ilusória  No meu coração que eu fechei    Ah! Meu bem  Meu bem    Ela foi um belo sonho  Que me fez ver tudo  O que sempre idealizei  Mas meu bem partiu  E hoje eu vivo triste e mudo  A buscá-la por onde eu andei   Ah! Meu bem Meu bem     Mesmo se eu sofrer ninguém virá me maldizer momento algum  Pois seu meigo olhar fará de novo o meu brilhar como nenhum,   hum! Hum! Hum! Meu bem  Meu bem  Nada existe que me dê qualquer prazer agora  Já que ela está longe de mim  Caso volte não a deixarei mais ir embora  Vou ficar com ela até o fim     Ah! Meu bem  Meu bem    By Eric Lopes;PT-BR;https://api.vagalume.com.br/search.php?art= Ronnie Von &mus=Meu-bem&apikey=dc668952146a4a25b6d06586e7b69708;aprox
Mustangcordesangue;MarcosValle;A questão social, Industrial Não permite e não quer que eu ande a pé Na vitrine um Mustang cor de sangue Tenho um novo ideal, sexual Abandono a mulher virgem no altar Amo em ferro e sangue Um Mustangue cor de sangue No farol vejo o seu olhar Minha mão toca a direção No painel eu vejo o seu amor E o meu corpo invade o interior A questão social, Industrial Não permite e não quer que eu seja fiel Na vitrine um Corcel cor de mel Meu Corcel, cor de mel, meu corcel No farol vejo o seu olhar Minha mão toca a direção No painel eu vejo o seu amor E o meu corpo invade o interior;PT-BR;https://api.vagalume.com.br/search.php?art= Marcos Valle &mus=Mustang-cor-de-sangue&apikey=dc668952146a4a25b6d06586e7b69708;GoogleSearch OK
Negue;NelsonGonçalves;Negue seu amor, o seu carinho Diga que você já me esqueceu Pise, machucando com jeitinho Este coração que ainda é seu  Diga que o meu pranto é covardia Mas não se esqueça Que você foi minha um dia  Diga que já não me quer Negue que me pertenceu Que eu mostro a boca molhada E ainda marcada Pelo beijo seu;PT-BR;https://api.vagalume.com.br/search.php?art= Nelson Goncalves &mus=Negue&apikey=dc668952146a4a25b6d06586e7b69708;exact
Disparada;JairRodrigues;Prepare o seu coração pras coisas que eu vou contar Eu venho lá do sertão, eu venho lá do sertão  Eu venho lá do sertão e posso não lhe agradar   Aprendi a dizer não, ver a morte sem chorar  E a morte, o destino, tudo, a morte e o destino, tudo  Estava fora de lugar, eu vivo pra consertar   Na boiada já fui boi, mas um dia me montei  Não por um motivo meu, ou de quem comigo houvesse  Que qualquer querer tivesse, porém por necessidade  Do dono de uma boiada cujo vaqueiro morreu   Boiadeiro muito tempo, laço firme e braço forte  Muito gado, muita gente, pela vida segurei  Seguia como num sonho, e boiadeiro era um Rei  Mas o mundo foi rodando nas patas do meu cavalo  E nos sonhos que fui sonhando, as visões se clareando  As visões se clareando, até que um dia acordei   Então não pude seguir, valente em lugar tenente  E dono de gado e gente, porque gado a gente marca  Tange, ferra, engorda e mata, mas com gente é diferente   Se você não concordar, não posso me desculpar  Não canto pra enganar, vou pegar minha viola  Vou deixar você de lado, vou cantar noutro lugar   Na boiada já fui boi, boiadeiro já fui Rei Não por mim nem por ninguém, que junto comigo houvesse Que quisesse ou que pudesse, por qualquer coisa de seu Por qualquer coisa de seu, querer mais longe que eu   Mas o mundo foi rodando nas patas do meu cavalo  E já que um dia montei agora sou cavaleiro Laço firme e braço forte num reino que não tem rei  Na boiada já fui boi, boiadeiro já fui Rei Não por mim nem por ninguém, que junto comigo houvesse Que quisesse ou que pudesse, por qualquer coisa de seu, Por qualquer coisa de seu, querer mais longe que eu   Mas o mundo foi rodando nas patas do meu cavalo  E já que um dia montei agora sou cavaleiro Laço firme e braço forte num reino que não tem rei.  Laiá laiá laiá laiá laiá lá laiá;PT-BR;https://api.vagalume.com.br/search.php?art= Jair Rodrigues &mus=Disparada&apikey=dc668952146a4a25b6d06586e7b69708;exact
Arrastão;ElisRegina;Eh! tem jangada no mar Eh! eh! eh! Hoje tem arrastão Eh! Todo mundo pescar Chega de sombra, João       Jovi  Olha o arrastão entrando no mar sem fim É meu irmão me traz Iemanjá pra mim Minha Santa Bárbara me abençoai Quero me casar com Janaína  Eh! Puxa bem devagar Eh! eh! eh! Já vem vindo o arrastão Eh! É a rainha do mar     Vem, vem na rede João  prá mim Valha-me meu Nosso Senhor do Bonfim Nunca jamais se viu tanto peixe assim;PT-BR;https://api.vagalume.com.br/search.php?art= Elis Regina &mus=Arrastao&apikey=dc668952146a4a25b6d06586e7b69708;exact
Travessia;Miltonnascimento;Quando você foi embora Fez-se noite em meu viver Forte eu sou mas não tem jeito, Hoje eu tenho que chorar Minha casa não é minha, E nem é meu este lugar Estou só e não resisto, Muito  tenho prá falar  Solto a voz nas estradas, Já não quero parar Meu caminho é de pedra, Como  posso sonhar Sonho feito de brisa, Vento vem terminar Vou fechar o meu pranto, Vou querer me matar  Vou seguindo pela vida Me esquecendo de você Eu não quero mais a morte, Tenho muito que viver Vou querer amar de novo E se não der não vou sofrer Já não sonho, hoje faço Com meu braço o meu viver  Solto a voz nas estradas, Já não quero parar Meu caminho é de pedra, Como posso sonhar Sonho feito de brisa, Vento vem terminar Vou fechar o meu pranto, Vou querer me matar  Vou seguindo pela vida Me esquecendo de você Eu não quero mais a morte, Tenho muito que viver Vou querer amar de novo E se não der não vou sofrer Já não sonho, hoje faço Com meu braço o meu viver;PT-BR;https://api.vagalume.com.br/search.php?art= Milton nascimento &mus=Travessia&apikey=dc668952146a4a25b6d06586e7b69708;exact
Alguémmedisse;AnísioSilva;ALGUÉM ME DISSE  QUE TU ANDAS NOVAMENTE DE NOVO AMOR, NOVA PAIXÃO TODA CONTENTE CONHEÇO BEM TUAS PROMESSAS OUTRAS OUVI, IGUAIS A ESSAS E ESSE TEU JEITO DE ENGANAR CONHEÇO BEM POUCO ME IMPORTA QUE TE VEJAM TANTAS VEZES E QUE TU MUDES DE PAIXÃO TODOS OS MESES SE VAIS BEIJAR, COMO EU BEM SEI FAZER SONHAR, COMO EU SONHEI MAS SEM TER NUNCA AMOR IGUAL AO QUE EU TE DEI.;PT-BR;https://api.vagalume.com.br/search.php?art= Anisio Silva &mus=Alguem-me-disse&apikey=dc668952146a4a25b6d06586e7b69708;aprox
Maringá;CarlosGalhardo;"Foi numa leva que a cabocla Maringá Ficou sendo a retirante que mais dava o que falar. E junto dela veio alguém que suplicou Pra que nunca se esquecesse de um caboclo que ficou.  Maringá, Maringá Depois que tu partiste tudo aqui ficou tão triste Que eu ""garrei"" a ""maginar"".  Maringá, Maringá Para haver felicidade é preciso que a saudade Vá bater noutro lugar.  Maringá, Maringá Volta aqui pró meu sertão pra de novo o coração De um caboclo a sossegar.  Antigamente uma alegria sem igual Dominava aquela gente da cidade de Pombal Mas veio a seca, toda a chuva foi-se embora  Só restando então as água dos meus ""'óios"" quando chora.  Instrumental  Maringá, Maringá  Instrumental  Maringá, Maringá  Instrumental  Maringá, Maringá Volta aqui pró meu sertão pra de novo coração De um caboclo a sossegar.";PT-BR;https://api.vagalume.com.br/search.php?art= Carlos Galhardo &mus=Maringa&apikey=dc668952146a4a25b6d06586e7b69708;exact
Quequerestudemim;AltemarDutra;Que queres tu de mim Que fazes junto a mim Se tudo está perdido amor Que mais me podes dar Se nada tens a dar Que a marca de uma nova dor  Loucura reviver Inútil se querer O amor que não se tem Porque voltaste aqui Se estando junto a ti Eu sinto que estou sem ninguém  Que pensas tu que eu sou Se julgas que ainda vou Pedir que não me deixes mais  Não tenho que pedir Nem sei o que pedir Se tudo que desejo é paz  Que culpa tenho eu Se tudo se perdeu Se tu quiseste assim  E então que queres tu de mim Se até o pranto que chorei Se foi por ti não sei;PT-BR;https://api.vagalume.com.br/search.php?art= Altemar Dutra &mus=Que-queres-tu-de-mim&apikey=dc668952146a4a25b6d06586e7b69708;aprox
Enigma;NelsonGonçalves;"Quis conter-me mas não pude Revoltado com a atitude Dessa gente ""original""  Que pensa ser incomum E julgar todos por um E prega sem ter moral  Insensatos pregadores Esses cruéis detratores Agem quase sempre assim  São imbecis personagens Molares das engrenagens Que vão roubá-la de mim  Nas suas opiniões Eu tenho dois corações Cada qual amando mais  Diz alguém mais ""entendido"" Que eu tenho um só dividido  Em duas partes iguais  Não os temo e nem me assusto Mesmo sabendo que o justo As vezes paga pelo pecador  Pois quem não deve não medra Que atire a primeira pedra Quem não errou por amor";PT-BR;https://api.vagalume.com.br/search.php?art= Nelson Goncalves &mus=Enigma&apikey=dc668952146a4a25b6d06586e7b69708;exact
AVolta;OsVips;Am                            Em   estou guardando o que há de bom   em mim Am                       Em   para lhe dar quando você   chegar F        G7  toda ternura    C   Em   Am e todo meu amor Em                       Dm   G7  estou guardando pra lhe dar Am                    Em   e toda vez que você me beijar Am                    Em   a minha vida quero lhe en...tregar F          G7  e em cada beijo C     Em   Am certo ficarei Em                      Dm    G7  que você não vai me deixar           A                           E7            grande demais foi sempre o nosso   amor            A                       E7            mas o destino quis nos se...parar               D            E7          A          Am            e agora que está perto o dia de você chegar           Em                            Dm   G7            o que há de bom vou lhe entregar          Am                    Em BIS        só vejo a hora de você   chegar          Am                       Em            pra' todo o meu amor poder   mostrar           F           G7            mas quando eu                C    Em Am            de perto te olhar           Em                      Dm   G7            não sei se vou poder falar Am                           Em           63 60 63 60  estou guardando o que há de bom   em mim Am                           Em;PT-BR;https://api.vagalume.com.br/search.php?art= Os Vips &mus=A-Volta&apikey=dc668952146a4a25b6d06586e7b69708;aprox
Festadobolinha;TrioEsperança;Eu ontem fui à festa, Na casa do bolinha. Confesso não gostei, Dos modos da Glorinha. Toda assanhada, Nunca vi igual... Trocava mil beijocas com O Raposo no quintal.  Porém pouco durou, Aquela paixão Pois Bolinha com ciúmes, Formou a confusão. Aninha tropeçou, E os copos derrubou...  E a casa do bolinha, num Inferno se tornou.  Bolinha provou... Que é ciumento pra xuxu. E que não gosta da Lulu... Bobinha... Que por ele ainda chora Com tanto pão dando bola no salão... Luluzinha, foi gostar Logo de um bolão!;PT-BR;https://api.vagalume.com.br/search.php?art= Trio Esperanca &mus=Festa-do-bolinha&apikey=dc668952146a4a25b6d06586e7b69708;aprox
Tenhoumamormelhorqueoseu;JoséRoberto;Todo amor que eu lhe dei, você nem ligou Todo bem que eu lhe fiz, você se esqueceu Você não vai ter alguém melhor do que eu Mas, eu já tenho um amor melhor que o seu Eu não quero lembrar que você existe Quando penso em você, até fico triste Você um dia eu amei, mas não sei porque Agora tenho um amor melhor que você Você não soube querer o quanto eu lhe quis E agindo assim, você só me fez infeliz E um grande amor não soube compreender Porém meu bem resolvi deixar de sofrer Já nem quero lembrar, o quanto eu lhe amei Pois, assim eu me lembro do que passei Você não vai ter alguém melhor do que eu Mas, eu já tenho um amor melhor que o seu Pois, eu já tenho um amor melhor que o seu Mas, eu já tenho um amor melhor que o seu Pois, eu já tenho um amor melhor que o seu;PT-BR;https://api.vagalume.com.br/search.php?art= Jose Roberto &mus=Tenho-um-amor-melhor-que-o-seu&apikey=dc668952146a4a25b6d06586e7b69708;GoogleSearch OK
TudoPassara;NelsonNed;Eu te dei meu amor, por um dia E depois sem querer te perdi. Não pensei que o amor, existia Que também choraria por ti.   Mas tudo passa tudo passará E nada fica, nada ficará. Só se encontra a felicidade Quando se entrega o coração.   INSTRUMENTAL   Voltarei a querer, algum dia Pois eu sei que não vou mais chorar. Se em mim já não há alegria A esperança me ensina a gritar.   Que tudo passa tudo passará Que nada fica, nada ficará. Só se encontra a felicidade Quando se entrega o coração.   INSTRUMENTAL   Só se encontra a felicidade Quando se entrega o coração.;PT-BR;https://api.vagalume.com.br/search.php?art= Nelson Ned &mus=Tudo-Passara&apikey=dc668952146a4a25b6d06586e7b69708;aprox
SeAcasoVocêChegasse;ElzaSoares;Se acaso você chegasse No meu chateau e encontrasse Aquela mulher que você gostou Será que tinha coragem  De trocar nossa amizade Por ela que já lhe abandonou?  Eu falo porque essa dona  Já mora no meu barraco  À beira de um regato E de um bosque em flor De dia me lava a roupa De noite me beija a boca E assim nós vamos vivendo de amor;PT-BR;https://api.vagalume.com.br/search.php?art= Elza Soares &mus=Se-Acaso-Voce-Chegasse&apikey=dc668952146a4a25b6d06586e7b69708;aprox
AMesmaRosaAmarela;Maysa;Você tem quase tudo dela O mesmo perfume A mesma cor A mesma rosa amarela só não tem o meu amor  Mas nesses dias de Carnaval Para mim você vai ser ela O mesmo perfume A mesma cor A mesma rosa amarela  Mas não sei o que será Quando chegar a lembrança dela E de você apenas restar A mesma rosa amarela;PT-BR;https://api.vagalume.com.br/search.php?art= Maysa &mus=A-Mesma-Rosa-Amarela&apikey=dc668952146a4a25b6d06586e7b69708;exact
Acorrentados;AgnaldoRayol;Talvez fosse melhor se não voltasses Talvez fosse melhor se me esquecesses Voltar é começar a atormentar-nos A querer-nos para odiar-nos  sem princípio nem final Queremos um ao outro tanto tanto Que amar entre nós dois é um martírio Jamais suportarei a tua ausência E num mundo de delírio seguiremos sempre igual  Carinho como o nosso é um castigo Se leva dentro d'alma até a morte Minha vida necessita tua vida e tu me necessitas muito mais Por isso não teremos despedida nem paz alguma há de consolar-nos E toda essa dor há de encontrar-nos de joelhos na outra vida Frente a frente e nada mais;PT-BR;https://api.vagalume.com.br/search.php?art= Agnaldo Rayol &mus=Acorrentados&apikey=dc668952146a4a25b6d06586e7b69708;exact
UmGrandeAmor;JerryAdriani;Eu logo notei no seu meigo olhar Que um grande amor ia começar Você me sorriu e depois Tomou minha mão e falou baixinho Que precisava falar comigo Sobre o amor eu notei  Amor eu já sei que você me tem Pois meu coração já é seu também A vida é tão bela pra nós Juntinhos seremos assim Você vivendo pra mim e eu só pra você Mais ninguém;PT-BR;https://api.vagalume.com.br/search.php?art= Jerry Adriani &mus=Um-Grande-Amor&apikey=dc668952146a4a25b6d06586e7b69708;aprox
Festadearromba;ErasmoCarlos;Vejam só que festa de arromba No outro dia eu fui parar Presentes no local, O rádio e a televisão Cinema, mil jornais  Muita gente, confusão Quase não consigo Na entrada chegar Pois a multidão  Estava de amargar Hey, Hey,(hey, hey) Que onda  Que festa de arromba  Logo que eu cheguei notei Ronnie Cord com um copo na mão Enquanto Prini Lorez Bancava o anfitrião Apresentando a todo mundo  Meire Pavão Wanderléa ria e Cleide desistia De agarrar um doce Que do prato não saia Hey, Hey,(hey, hey) Que onda  Que festa de arromba  Renato e seus Blue Caps Tocavam na piscina The Clevers no terraço Jet Black's no salão Os Bells de cabeleira Não podiam tocar Enquanto a Rosemary  Não parasse de dançar  Mas vejam quem chegou de repente Roberto Carlos em seu novo carrão Enquanto Tony e Demétrius  Fumavam no jardim Sérgio e Zé Ricardo  Esbarravam em mim Lá fora um corre corre Dos brotos do lugar Era o Ed Wilson que acabava de chegar Hey, Hey,(hey, hey) Que onda  Que festa de arromba  Renato e seus Blus Caps Tocavam na piscina The Clevers no terraço Jet Black's no salão Os Bells de cabeleira Não podiam tocar Enquanto a Rosemary  Não parasse de dançar  Mas vejam quem chegou de repente Roberto Carlos em seu novo carrão Enquanto Tony e Demétrius  Fumavam no jardim Sérgio e Zé Ricardo  Esbarravam em mim Lá fora um corre corre Dos brotos do lugar Era o Ed Wilson que acabava de chegar Hey, Hey,(hey, hey) Que onda;PT-BR;https://api.vagalume.com.br/search.php?art= Erasmo Carlos &mus=Festa-de-arromba&apikey=dc668952146a4a25b6d06586e7b69708;aprox
AChuvaQueCai;OsCaçulas;Nesse mundo cheio de dinheiro e ambição Tenho andado procurando uma ilusão Muita gente esquece a vida, faz morrer a esperança  Sem querer acreditar que existe amor  O mundo está mudando, sem querer se perdendo E no céu milhões de nuvens já começam a chorar E a chuva cairá neste  mundo pequeno  Outro dia eu sozinho num  lugar que é bem tristonho Percebi que a esperança  é um sonho Muita gente de lutar está cansada e não crêem  mais em nada E fogem deste mundo  O mundo está mudando sem querer se perdendo O céu está escurecendo, até começa a chorar E a chuva cairá sobre o mundo pequeno.;PT-BR;https://api.vagalume.com.br/search.php?art= Os Caculas &mus=A-Chuva-Que-Cai&apikey=dc668952146a4a25b6d06586e7b69708;aprox
PáraPedro;JoséMendes;"Era um baila lá na serra Na fazenda da Ramada Foi por lá que um tal de Pedro se chegou de madrugada Só escutei um zum zum mas não sabia de nada Só ouvia mulher gritando: ""Este Pedro é uma parada""  Pára Pedro, Pedro pára (4 vezes) Era o Pedro lá num canto beliscando a namorada Pára Pedro, Pedro pára (4 vezes) Quando foi lá pelas tantas que a farra estava animada Apagaram o lampião e a bagunça foi formada As velhas se revoltaram Pedroca não é de nada E o Pedro brigou com as velhas e deu uma peleia danada  Pára Pedro, Pedro pára (4 vezes) Fazia cócegas nas velhas e as velhas davam risadas Pára Pedro, Pedro pára (4 vezes) Pedro foi dançar um xote com uma velha apaixonada E surgiu o velho da velha e a coisa foi complicada Pedro correu pelos fundos e entrou numa porta errada E as moças levaram um susto e gritavam desesperadas  Pára Pedro, Pedro pára (4 vezes) Velha grudada no Pedro e o velho no Pedro agarrado Pára Pedro, Pedro pára (4 vezes) E assim foi a noite inteira até o fim da madrugada Pára Pedro, Pedro pára (4 vezes)";PT-BR;https://api.vagalume.com.br/search.php?art= Jose Mendes &mus=Para-Pedro&apikey=dc668952146a4a25b6d06586e7b69708;aprox
CasadeBamba;MartinhodaVila;Na minha casa todo mundo é bamba Todo mundo bebe todo mundo samba (2x)  Na minha casa não tem bola pra vizinha Não se fala do alheio, nem se liga pra Candinha (2x)  Na minha casa todo mundo é bamba Todo mundo bebe todo mundo samba (2x)  Na minha casa ninguém liga pra intriga Todo mundo xinga, todo mundo briga (2x)  Macumba lá na minha casa  Tem galinha preta, azeite de dendê Mas ladainha lá na  minha casa(2x)  Tem reza bonitinha e canjiquinha pra comer(2x)  Se tem alguém aflito Todo mundo chora, todo mundo sofre Mas logo se reza pra São Benedito Pra Nossa Senhora e pra Santo Onofre Mas se tem alguém cantando Todo mundo canta, todo mundo dança Todo mundo samba e ninguém se cansa Pois minha casa é casa de bamba;PT-BR;https://api.vagalume.com.br/search.php?art= Martinho da Vila &mus=Casa-de-Bamba&apikey=dc668952146a4a25b6d06586e7b69708;aprox